(,,2.168,779,41,1484243174000,,)
(,,2.12,852,42,1484243174001,,)
(,,2.231,831,42,1484243174001,,)
(,,2.199,846,43,1484243174002,,)
(,,2.194,764,43,1484243174002,,)
(,,2.21,825,43,1484243174002,,)
(,,2.249,823,42,1484243174002,,)
(,,2.219,813,42,1484243174002,,)
(,,2.129,842,43,1484243174002,,)
(,,2.213,5632,76,1484243175001,,)
(,,2.205,5603,77,1484243175002,,)
(,,2.217,5784,77,1484243175002,,)
(,,2.191,5602,77,1484243175002,,)
(,,2.231,5664,78,1484243175002,,)
(,,2.205,5789,77,1484243175002,,)
(,,2.205,5604,78,1484243175002,,)
(,,2.189,5740,78,1484243175003,,)
(,,2.165,5788,78,1484243175003,,)
(,,2.227,8115,5,1484243176000,,)
(,,2.201,7994,5,1484243176000,,)
(,,2.206,8366,5,1484243176000,,)
(,,2.189,8162,5,1484243176000,,)
(,,2.16,8198,6,1484243176001,,)
(,,2.209,8223,6,1484243176001,,)
(,,2.21,8148,6,1484243176001,,)
(,,2.183,8317,6,1484243176001,,)
(,,2.206,8123,6,1484243176001,,)
(,,2.169,8675,5,1484243177001,,)
(,,2.231,8607,5,1484243177001,,)
(,,2.21,8607,5,1484243177001,,)
(,,2.202,8485,5,1484243177001,,)
(,,2.211,8500,5,1484243177001,,)
(,,2.179,8469,5,1484243177001,,)
(,,2.201,8514,5,1484243177001,,)
(,,2.185,8573,6,1484243177002,,)
(,,2.217,8668,6,1484243177002,,)
(,,2.187,8353,13,1484243178000,,)
(,,2.207,8469,14,1484243178000,,)
(,,2.212,8486,14,1484243178001,,)
(,,2.198,8487,15,1484243178001,,)
(,,2.168,8479,14,1484243178001,,)
(,,2.234,8553,15,1484243178001,,)
(,,2.219,8460,14,1484243178001,,)
(,,2.22,8443,14,1484243178001,,)
(,,2.167,8460,15,1484243178001,,)
(,,2.176,8598,4,1484243179001,,)
(,,2.224,8778,4,1484243179001,,)
(,,2.213,8790,4,1484243179001,,)
(,,2.203,8724,4,1484243179001,,)
(,,2.19,8594,4,1484243179001,,)
(,,2.186,8787,4,1484243179001,,)
(,,2.203,8729,5,1484243179002,,)
(,,2.202,8855,5,1484243179002,,)
(,,2.175,8831,5,1484243179002,,)
(,,2.203,9178,2,1484243180000,,)
(,,2.207,9170,3,1484243180001,,)
(,,2.197,9049,3,1484243180001,,)
(,,2.232,9094,3,1484243180001,,)
(,,2.182,9031,3,1484243180001,,)
(,,2.215,8992,3,1484243180001,,)
(,,2.182,9088,3,1484243180001,,)
(,,2.212,8832,4,1484243180002,,)
(,,2.183,8936,4,1484243180002,,)
(,,2.191,8798,11,1484243181000,,)
(,,2.216,8979,11,1484243181000,,)
(,,2.186,8870,13,1484243181001,,)
(,,2.199,9092,12,1484243181001,,)
(,,2.191,9064,13,1484243181001,,)
(,,2.196,9036,12,1484243181001,,)
(,,2.209,9027,13,1484243181001,,)
(,,2.224,8936,12,1484243181001,,)
(,,2.203,8848,13,1484243181001,,)
(,,2.209,9134,5,1484243182001,,)
(,,2.176,9045,4,1484243182001,,)
(,,2.186,9219,4,1484243182001,,)
(,,2.204,8952,4,1484243182001,,)
(,,2.191,9166,5,1484243182001,,)
(,,2.22,9041,5,1484243182001,,)
(,,2.193,9109,5,1484243182002,,)
(,,2.191,8936,6,1484243182002,,)
(,,2.22,9132,6,1484243182002,,)
(,,2.193,8903,5,1484243183000,,)
(,,2.198,8899,5,1484243183000,,)
(,,2.209,9016,6,1484243183001,,)
(,,2.193,8887,6,1484243183001,,)
(,,2.214,8910,6,1484243183001,,)
(,,2.198,9052,6,1484243183001,,)
(,,2.212,8871,6,1484243183001,,)
(,,2.188,8814,6,1484243183001,,)
(,,2.193,8978,6,1484243183001,,)
(,,2.218,7752,4,1484243184001,,)
(,,2.176,7856,4,1484243184001,,)
(,,2.228,8059,4,1484243184001,,)
(,,2.182,7948,4,1484243184001,,)
(,,2.185,7823,4,1484243184001,,)
(,,2.234,8000,4,1484243184001,,)
(,,2.171,7827,5,1484243184002,,)
(,,2.179,7939,5,1484243184002,,)
(,,2.227,7943,5,1484243184002,,)
(,,2.186,8314,24,1484243185000,,)
(,,2.205,8175,25,1484243185001,,)
(,,2.194,8211,25,1484243185001,,)
(,,2.204,8096,25,1484243185001,,)
(,,2.189,8284,25,1484243185001,,)
(,,2.203,8060,25,1484243185001,,)
(,,2.202,8200,25,1484243185001,,)
(,,2.211,8335,25,1484243185001,,)
(,,2.209,8102,25,1484243185001,,)
(,,2.193,8570,2,1484243186000,,)
(,,2.199,8604,2,1484243186000,,)
(,,2.169,8622,2,1484243186000,,)
(,,2.202,8616,3,1484243186001,,)
(,,2.199,8449,3,1484243186001,,)
(,,2.217,8488,3,1484243186001,,)
(,,2.238,8620,3,1484243186001,,)
(,,2.204,8453,3,1484243186001,,)
(,,2.182,8527,3,1484243186001,,)
(,,2.207,7721,5,1484243187001,,)
(,,2.202,7492,5,1484243187001,,)
(,,2.221,7600,6,1484243187001,,)
(,,2.177,7541,5,1484243187001,,)
(,,2.197,7670,5,1484243187001,,)
(,,2.216,7537,5,1484243187001,,)
(,,2.2,7771,6,1484243187002,,)
(,,2.181,7609,6,1484243187002,,)
(,,2.213,7579,6,1484243187002,,)
(,,2.204,7994,4,1484243188000,,)
(,,2.199,7943,5,1484243188000,,)
(,,2.209,8009,5,1484243188001,,)
(,,2.19,7946,5,1484243188001,,)
(,,2.178,7963,5,1484243188001,,)
(,,2.217,8089,5,1484243188001,,)
(,,2.242,8101,5,1484243188001,,)
(,,2.179,7933,6,1484243188001,,)
(,,2.198,8012,5,1484243188001,,)
(,,2.193,8381,3,1484243189000,,)
(,,2.206,8560,4,1484243189000,,)
(,,2.221,8507,3,1484243189000,,)
(,,2.203,8635,3,1484243189000,,)
(,,2.19,8600,3,1484243189000,,)
(,,2.242,8386,3,1484243189000,,)
(,,2.179,8541,4,1484243189001,,)
(,,2.179,8456,4,1484243189001,,)
(,,2.186,8583,4,1484243189001,,)
(,,2.233,7326,3,1484243190000,,)
(,,2.177,7536,2,1484243190000,,)
(,,2.181,7302,2,1484243190000,,)
(,,2.205,7344,3,1484243190001,,)
(,,2.22,7429,3,1484243190001,,)
(,,2.224,7270,3,1484243190001,,)
(,,2.168,7458,3,1484243190001,,)
(,,2.203,7374,3,1484243190001,,)
(,,2.171,7467,3,1484243190001,,)
(,,2.209,8150,2,1484243191000,,)
(,,2.213,7988,3,1484243191001,,)
(,,2.197,8002,3,1484243191001,,)
(,,2.213,8016,3,1484243191001,,)
(,,2.201,8016,3,1484243191001,,)
(,,2.185,8020,3,1484243191001,,)
(,,2.193,8101,3,1484243191001,,)
(,,2.21,7911,3,1484243191001,,)
(,,2.198,7978,3,1484243191001,,)
(,,2.241,8972,24,1484243192000,,)
(,,2.193,8924,24,1484243192000,,)
(,,2.205,9066,24,1484243192000,,)
(,,2.179,9015,24,1484243192000,,)
(,,2.197,8970,24,1484243192000,,)
(,,2.165,8883,24,1484243192000,,)
(,,2.205,8939,25,1484243192001,,)
(,,2.223,9089,25,1484243192001,,)
(,,2.176,9222,25,1484243192001,,)
(,,2.196,8747,27,1484243193000,,)
(,,2.2,8771,27,1484243193000,,)
(,,2.197,8673,27,1484243193000,,)
(,,2.222,8738,27,1484243193000,,)
(,,2.18,8604,28,1484243193001,,)
(,,2.207,8885,28,1484243193001,,)
(,,2.183,8576,28,1484243193001,,)
(,,2.241,8597,28,1484243193001,,)
(,,2.186,8517,28,1484243193001,,)
(,,2.193,9115,10,1484243194000,,)
(,,2.177,8985,11,1484243194001,,)
(,,2.218,9017,11,1484243194001,,)
(,,2.198,9183,11,1484243194001,,)
(,,2.216,9244,11,1484243194001,,)
(,,2.184,8980,11,1484243194001,,)
(,,2.209,9184,11,1484243194001,,)
(,,2.22,9090,11,1484243194001,,)
(,,2.2,9197,11,1484243194001,,)
(,,2.196,8397,3,1484243195000,,)
(,,2.201,8502,3,1484243195000,,)
(,,2.178,8331,3,1484243195000,,)
(,,2.201,8457,3,1484243195000,,)
(,,2.193,8366,3,1484243195000,,)
(,,2.207,8523,3,1484243195000,,)
(,,2.226,8287,3,1484243195000,,)
(,,2.184,8509,4,1484243195001,,)
(,,2.222,8392,4,1484243195001,,)
(,,2.191,9784,5,1484243196000,,)
(,,2.213,9800,5,1484243196000,,)
(,,2.199,9758,5,1484243196000,,)
(,,2.194,9744,5,1484243196000,,)
(,,2.197,9975,5,1484243196000,,)
(,,2.189,9840,5,1484243196000,,)
(,,2.2,9875,5,1484243196000,,)
(,,2.201,9786,6,1484243196001,,)
(,,2.197,9873,6,1484243196001,,)
(,,2.203,9589,48,1484243197000,,)
(,,2.25,9412,48,1484243197000,,)
(,,2.195,9605,48,1484243197000,,)
(,,2.191,9583,48,1484243197000,,)
(,,2.176,9419,48,1484243197000,,)
(,,2.207,9651,48,1484243197000,,)
(,,2.195,9491,48,1484243197000,,)
(,,2.209,9588,49,1484243197001,,)
(,,2.181,9483,49,1484243197001,,)
(,,2.205,9095,3,1484243198000,,)
(,,2.18,9089,3,1484243198000,,)
(,,2.225,8976,3,1484243198000,,)
(,,2.184,9041,3,1484243198000,,)
(,,2.193,9003,3,1484243198000,,)
(,,2.201,9290,4,1484243198001,,)
(,,2.212,8925,4,1484243198001,,)
(,,2.198,9260,4,1484243198001,,)
(,,2.21,9002,4,1484243198001,,)
(,,2.224,8343,9,1484243199000,,)
(,,2.184,8324,9,1484243199000,,)
(,,2.191,8332,10,1484243199001,,)
(,,2.197,8377,10,1484243199001,,)
(,,2.177,8488,10,1484243199001,,)
(,,2.195,8397,10,1484243199001,,)
(,,2.201,8509,10,1484243199001,,)
(,,2.217,8467,10,1484243199001,,)
(,,2.212,8188,10,1484243199001,,)
(,,2.206,7844,7,1484243200001,,)
(,,2.198,7831,7,1484243200001,,)
(,,2.193,7606,7,1484243200001,,)
(,,2.177,7767,7,1484243200001,,)
(,,2.207,7704,8,1484243200002,,)
(,,2.224,7784,8,1484243200002,,)
(,,2.201,7609,8,1484243200002,,)
(,,2.225,7667,8,1484243200002,,)
(,,2.186,7888,8,1484243200002,,)
(,,2.21,8051,52,1484243201001,,)
(,,2.178,8168,52,1484243201001,,)
(,,2.187,8076,52,1484243201001,,)
(,,2.194,8085,52,1484243201001,,)
(,,2.177,8210,52,1484243201001,,)
(,,2.221,8094,52,1484243201001,,)
(,,2.207,8030,52,1484243201001,,)
(,,2.195,8219,53,1484243201002,,)
(,,2.219,8059,53,1484243201002,,)
(,,2.21,8000,4,1484243202000,,)
(,,2.198,8229,5,1484243202000,,)
(,,2.222,8058,4,1484243202000,,)
(,,2.189,8200,5,1484243202000,,)
(,,2.202,8168,5,1484243202001,,)
(,,2.214,8190,5,1484243202001,,)
(,,2.192,7988,6,1484243202001,,)
(,,2.196,8026,5,1484243202001,,)
(,,2.191,8361,5,1484243202001,,)
(,,2.188,8537,15,1484243203000,,)
(,,2.211,8466,15,1484243203001,,)
(,,2.195,8297,15,1484243203001,,)
(,,2.22,8481,16,1484243203001,,)
(,,2.213,8516,16,1484243203001,,)
(,,2.203,8489,15,1484243203001,,)
(,,2.197,8368,15,1484243203001,,)
(,,2.21,8322,15,1484243203001,,)
(,,2.156,8579,15,1484243203001,,)
(,,2.218,8949,6,1484243204000,,)
(,,2.182,9288,6,1484243204000,,)
(,,2.195,8986,6,1484243204000,,)
(,,2.197,9128,6,1484243204000,,)
(,,2.195,9261,6,1484243204000,,)
(,,2.203,9181,6,1484243204000,,)
(,,2.192,9083,6,1484243204000,,)
(,,2.217,9137,7,1484243204001,,)
(,,2.192,9082,7,1484243204001,,)
(,,2.199,8239,37,1484243205000,,)
(,,2.204,8392,37,1484243205000,,)
(,,2.17,8175,37,1484243205000,,)
(,,2.224,8266,37,1484243205000,,)
(,,2.196,8470,38,1484243205001,,)
(,,2.196,8171,38,1484243205001,,)
(,,2.214,8498,38,1484243205001,,)
(,,2.196,8324,38,1484243205001,,)
(,,2.2,8412,38,1484243205001,,)
(,,2.212,8743,86,1484243206000,,)
(,,2.216,8443,139,1484243206053,,)
(,,2.185,8744,140,1484243206054,,)
(,,2.2,8784,140,1484243206054,,)
(,,2.224,8437,141,1484243206054,,)
(,,2.208,8897,140,1484243206054,,)
(,,2.176,8705,140,1484243206054,,)
(,,2.2,8742,140,1484243206054,,)
(,,2.186,8730,140,1484243206054,,)
(,,2.24,9124,3,1484243207000,,)
(,,2.222,9089,3,1484243207000,,)
(,,2.179,9108,3,1484243207000,,)
(,,2.201,9079,3,1484243207000,,)
(,,2.197,9184,3,1484243207000,,)
(,,2.205,9110,3,1484243207000,,)
(,,2.178,9157,3,1484243207000,,)
(,,2.199,9267,4,1484243207001,,)
(,,2.172,9219,4,1484243207001,,)
(,,2.195,9624,28,1484243208000,,)
(,,2.195,9682,28,1484243208000,,)
(,,2.192,9428,28,1484243208000,,)
(,,2.184,9650,28,1484243208000,,)
(,,2.214,9639,28,1484243208000,,)
(,,2.208,9344,29,1484243208001,,)
(,,2.224,9559,29,1484243208001,,)
(,,2.188,9487,29,1484243208001,,)
(,,2.219,9581,29,1484243208001,,)
(,,2.215,8219,6,1484243209000,,)
(,,2.164,8237,6,1484243209000,,)
(,,2.19,8080,7,1484243209000,,)
(,,2.201,8249,7,1484243209001,,)
(,,2.195,8293,7,1484243209001,,)
(,,2.192,8166,8,1484243209001,,)
(,,2.207,8067,7,1484243209001,,)
(,,2.217,8158,7,1484243209001,,)
(,,2.228,8085,7,1484243209001,,)
(,,2.2,8080,4,1484243210000,,)
(,,2.213,7998,5,1484243210001,,)
(,,2.184,7938,5,1484243210001,,)
(,,2.196,8108,5,1484243210001,,)
(,,2.213,8128,5,1484243210001,,)
(,,2.196,8158,5,1484243210001,,)
(,,2.193,8114,5,1484243210001,,)
(,,2.175,8001,5,1484243210001,,)
(,,2.213,8115,5,1484243210001,,)
(,,2.222,8943,3,1484243211000,,)
(,,2.216,9207,4,1484243211000,,)
(,,2.17,8933,4,1484243211000,,)
(,,2.175,9006,3,1484243211000,,)
(,,2.227,9069,4,1484243211000,,)
(,,2.21,9049,4,1484243211000,,)
(,,2.206,9128,3,1484243211000,,)
(,,2.198,9149,4,1484243211001,,)
(,,2.18,9131,5,1484243211001,,)
(,,2.208,7635,1,1484243212000,,)
(,,2.189,7529,1,1484243212000,,)
(,,2.196,7586,1,1484243212000,,)
(,,2.187,7545,2,1484243212001,,)
(,,2.203,7538,2,1484243212001,,)
(,,2.223,7521,2,1484243212001,,)
(,,2.171,7696,2,1484243212001,,)
(,,2.206,7518,2,1484243212001,,)
(,,2.222,7538,2,1484243212001,,)
(,,2.177,9122,21,1484243213001,,)
(,,2.221,9178,21,1484243213001,,)
(,,2.202,9131,21,1484243213001,,)
(,,2.224,8936,21,1484243213001,,)
(,,2.201,9128,21,1484243213001,,)
(,,2.207,9224,21,1484243213001,,)
(,,2.179,9177,21,1484243213001,,)
(,,2.19,9194,21,1484243213001,,)
(,,2.194,9098,22,1484243213002,,)
(,,2.189,8879,5,1484243214000,,)
(,,2.19,8587,6,1484243214000,,)
(,,2.222,8675,5,1484243214000,,)
(,,2.231,8751,6,1484243214000,,)
(,,2.204,8516,6,1484243214000,,)
(,,2.178,8769,5,1484243214000,,)
(,,2.215,8568,7,1484243214001,,)
(,,2.183,8637,7,1484243214001,,)
(,,2.198,8706,6,1484243214001,,)
(,,2.19,8753,85,1484243215000,,)
(,,2.199,8704,85,1484243215000,,)
(,,2.188,8649,85,1484243215000,,)
(,,2.195,8722,85,1484243215000,,)
(,,2.206,8729,86,1484243215001,,)
(,,2.246,8752,86,1484243215001,,)
(,,2.174,8678,86,1484243215001,,)
(,,2.19,8801,86,1484243215001,,)
(,,2.193,8728,86,1484243215001,,)
(,,2.211,9570,44,1484243216000,,)
(,,2.204,9216,44,1484243216000,,)
(,,2.195,9488,44,1484243216000,,)
(,,2.188,9573,45,1484243216001,,)
(,,2.228,9275,45,1484243216001,,)
(,,2.234,9469,45,1484243216001,,)
(,,2.181,9336,45,1484243216001,,)
(,,2.177,9298,45,1484243216001,,)
(,,2.204,9399,45,1484243216001,,)
(,,2.188,8651,29,1484243217000,,)
(,,2.156,8745,30,1484243217001,,)
(,,2.228,8641,30,1484243217001,,)
(,,2.189,8638,30,1484243217001,,)
(,,2.219,8651,30,1484243217001,,)
(,,2.183,8516,30,1484243217001,,)
(,,2.217,8787,30,1484243217001,,)
(,,2.196,8815,31,1484243217002,,)
(,,2.225,8666,31,1484243217002,,)
(,,2.192,8701,24,1484243218000,,)
(,,2.203,8602,25,1484243218001,,)
(,,2.202,8632,25,1484243218001,,)
(,,2.167,8798,26,1484243218002,,)
(,,2.202,8621,26,1484243218002,,)
(,,2.199,8648,26,1484243218002,,)
(,,2.218,8738,26,1484243218002,,)
(,,2.198,8779,26,1484243218002,,)
(,,2.228,8594,26,1484243218002,,)
(,,2.193,8301,7,1484243219001,,)
(,,2.194,8280,7,1484243219001,,)
(,,2.207,8468,7,1484243219001,,)
(,,2.199,8397,7,1484243219001,,)
(,,2.171,8286,7,1484243219001,,)
(,,2.195,8251,7,1484243219001,,)
(,,2.219,8338,8,1484243219002,,)
(,,2.21,8399,8,1484243219002,,)
(,,2.204,8295,8,1484243219002,,)
(,,2.223,7435,30,1484243220000,,)
(,,2.191,7540,30,1484243220000,,)
(,,2.198,7733,30,1484243220000,,)
(,,2.193,7703,31,1484243220001,,)
(,,2.235,7623,31,1484243220001,,)
(,,2.195,7657,31,1484243220001,,)
(,,2.178,7364,31,1484243220001,,)
(,,2.183,7592,31,1484243220001,,)
(,,2.208,7556,30,1484243220001,,)
(,,2.23,8838,3,1484243221000,,)
(,,2.192,8688,4,1484243221001,,)
(,,2.194,8751,4,1484243221001,,)
(,,2.2,8661,4,1484243221001,,)
(,,2.194,8810,4,1484243221001,,)
(,,2.201,8949,4,1484243221001,,)
(,,2.227,8889,4,1484243221001,,)
(,,2.198,8777,4,1484243221001,,)
(,,2.172,8773,5,1484243221002,,)
(,,2.193,9092,2,1484243222000,,)
(,,2.2,9059,3,1484243222000,,)
(,,2.19,9010,2,1484243222000,,)
(,,2.22,9286,2,1484243222000,,)
(,,2.223,9103,3,1484243222001,,)
(,,2.19,8932,3,1484243222001,,)
(,,2.166,8962,3,1484243222001,,)
(,,2.213,9119,3,1484243222001,,)
(,,2.189,8902,3,1484243222001,,)
(,,2.173,8534,2,1484243223000,,)
(,,2.207,8435,3,1484243223001,,)
(,,2.221,8530,3,1484243223001,,)
(,,2.208,8584,3,1484243223001,,)
(,,2.183,8325,3,1484243223001,,)
(,,2.189,8426,3,1484243223001,,)
(,,2.192,8553,3,1484243223001,,)
(,,2.209,8304,3,1484243223001,,)
(,,2.214,8440,3,1484243223001,,)
(,,2.185,8876,5,1484243224000,,)
(,,2.218,8885,5,1484243224000,,)
(,,2.199,8958,5,1484243224000,,)
(,,2.211,8713,5,1484243224000,,)
(,,2.184,8828,5,1484243224000,,)
(,,2.172,8946,5,1484243224000,,)
(,,2.207,8792,6,1484243224001,,)
(,,2.203,8812,6,1484243224001,,)
(,,2.21,9054,6,1484243224001,,)
(,,2.205,8450,7,1484243225000,,)
(,,2.16,8520,7,1484243225000,,)
(,,2.215,8470,7,1484243225000,,)
(,,2.181,8478,8,1484243225001,,)
(,,2.198,8518,8,1484243225001,,)
(,,2.222,8389,8,1484243225001,,)
(,,2.233,8585,8,1484243225001,,)
(,,2.199,8579,8,1484243225001,,)
(,,2.21,8518,8,1484243225001,,)
(,,2.199,9097,26,1484243226000,,)
(,,2.202,9035,27,1484243226001,,)
(,,2.201,9073,27,1484243226001,,)
(,,2.201,9188,27,1484243226001,,)
(,,2.207,9187,27,1484243226001,,)
(,,2.199,9211,27,1484243226001,,)
(,,2.207,9119,27,1484243226001,,)
(,,2.179,9108,27,1484243226001,,)
(,,2.196,9091,28,1484243226002,,)
(,,2.182,9490,27,1484243227000,,)
(,,2.162,9297,27,1484243227000,,)
(,,2.216,9410,27,1484243227000,,)
(,,2.215,9450,27,1484243227000,,)
(,,2.207,9375,27,1484243227000,,)
(,,2.199,9430,27,1484243227000,,)
(,,2.202,9166,27,1484243227000,,)
(,,2.208,9627,28,1484243227001,,)
(,,2.206,9367,28,1484243227001,,)
(,,2.201,8872,4,1484243228000,,)
(,,2.174,8930,4,1484243228000,,)
(,,2.195,8819,4,1484243228000,,)
(,,2.184,8880,4,1484243228000,,)
(,,2.184,8880,5,1484243228001,,)
(,,2.22,8955,5,1484243228001,,)
(,,2.223,8883,5,1484243228001,,)
(,,2.216,8804,5,1484243228001,,)
(,,2.208,8798,5,1484243228001,,)
(,,2.203,8132,3,1484243229000,,)
(,,2.189,8233,3,1484243229000,,)
(,,2.19,8142,3,1484243229000,,)
(,,2.196,8266,3,1484243229000,,)
(,,2.194,8251,4,1484243229001,,)
(,,2.197,8140,4,1484243229001,,)
(,,2.218,8136,4,1484243229001,,)
(,,2.224,8141,4,1484243229001,,)
(,,2.191,8235,4,1484243229001,,)
(,,2.222,9140,44,1484243230000,,)
(,,2.186,8947,44,1484243230000,,)
(,,2.185,9007,44,1484243230000,,)
(,,2.2,9046,45,1484243230001,,)
(,,2.19,8989,45,1484243230001,,)
(,,2.204,8979,45,1484243230001,,)
(,,2.197,8790,45,1484243230001,,)
(,,2.209,8956,45,1484243230001,,)
(,,2.218,8985,45,1484243230001,,)
(,,2.229,7212,76,1484243231000,,)
(,,2.166,7261,77,1484243231001,,)
(,,2.177,7228,77,1484243231001,,)
(,,2.18,7274,77,1484243231001,,)
(,,2.191,7334,77,1484243231001,,)
(,,2.234,7139,77,1484243231001,,)
(,,2.202,7065,77,1484243231001,,)
(,,2.215,7215,77,1484243231001,,)
(,,2.2,7379,78,1484243231002,,)
(,,2.196,9167,3,1484243232000,,)
(,,2.208,9105,4,1484243232000,,)
(,,2.198,9078,4,1484243232000,,)
(,,2.222,9143,4,1484243232000,,)
(,,2.208,9268,4,1484243232000,,)
(,,2.21,9109,4,1484243232000,,)
(,,2.197,9190,5,1484243232001,,)
(,,2.168,9182,5,1484243232001,,)
(,,2.192,9031,4,1484243232001,,)
(,,2.223,8203,47,1484243233000,,)
(,,2.209,8212,47,1484243233000,,)
(,,2.188,8199,47,1484243233000,,)
(,,2.173,8229,48,1484243233001,,)
(,,2.22,8238,48,1484243233001,,)
(,,2.167,8185,48,1484243233001,,)
(,,2.211,8116,48,1484243233001,,)
(,,2.209,8263,48,1484243233001,,)
(,,2.19,8312,48,1484243233001,,)
(,,2.199,9391,29,1484243234000,,)
(,,2.202,9339,30,1484243234001,,)
(,,2.201,9377,30,1484243234001,,)
(,,2.207,9301,30,1484243234001,,)
(,,2.234,9249,30,1484243234001,,)
(,,2.2,9345,30,1484243234001,,)
(,,2.175,9168,30,1484243234001,,)
(,,2.195,9335,30,1484243234001,,)
(,,2.2,9190,30,1484243234001,,)
(,,2.191,9050,4,1484243235000,,)
(,,2.207,8933,5,1484243235000,,)
(,,2.207,9011,5,1484243235000,,)
(,,2.201,9088,4,1484243235000,,)
(,,2.223,8901,4,1484243235000,,)
(,,2.2,8972,4,1484243235000,,)
(,,2.232,9018,5,1484243235001,,)
(,,2.167,9044,5,1484243235001,,)
(,,2.195,9073,6,1484243235001,,)
(,,2.203,8337,26,1484243236000,,)
(,,2.212,8549,26,1484243236000,,)
(,,2.19,8300,26,1484243236000,,)
(,,2.164,8508,26,1484243236000,,)
(,,2.238,8490,27,1484243236001,,)
(,,2.158,8455,27,1484243236001,,)
(,,2.198,8473,28,1484243236001,,)
(,,2.209,8434,28,1484243236001,,)
(,,2.219,8514,27,1484243236001,,)
(,,2.206,9305,25,1484243237000,,)
(,,2.21,9210,93,1484243237068,,)
(,,2.192,9460,94,1484243237069,,)
(,,2.204,9257,94,1484243237069,,)
(,,2.172,9375,94,1484243237069,,)
(,,2.153,9479,94,1484243237069,,)
(,,2.209,9481,94,1484243237069,,)
(,,2.233,9329,94,1484243237069,,)
(,,2.207,9436,94,1484243237069,,)
(,,2.209,8944,8,1484243238000,,)
(,,2.184,8990,9,1484243238001,,)
(,,2.19,9004,9,1484243238001,,)
(,,2.234,9117,9,1484243238001,,)
(,,2.21,8992,9,1484243238001,,)
(,,2.2,8891,9,1484243238001,,)
(,,2.187,9185,9,1484243238001,,)
(,,2.172,8902,9,1484243238001,,)
(,,2.204,9228,9,1484243238001,,)
(,,2.192,7039,28,1484243239000,,)
(,,2.181,6924,28,1484243239000,,)
(,,2.181,6967,28,1484243239000,,)
(,,2.189,6874,28,1484243239000,,)
(,,2.221,6934,28,1484243239000,,)
(,,2.225,6921,28,1484243239000,,)
(,,2.191,6888,28,1484243239000,,)
(,,2.189,6845,29,1484243239001,,)
(,,2.237,6858,29,1484243239001,,)
(,,2.202,7816,29,1484243240000,,)
(,,2.205,7901,29,1484243240000,,)
(,,2.209,7948,29,1484243240000,,)
(,,2.227,8145,29,1484243240000,,)
(,,2.205,8072,30,1484243240001,,)
(,,2.182,7874,30,1484243240001,,)
(,,2.182,7951,30,1484243240001,,)
(,,2.199,7872,30,1484243240001,,)
(,,2.216,8030,30,1484243240001,,)
(,,2.214,8593,3,1484243241000,,)
(,,2.186,8593,4,1484243241001,,)
(,,2.222,8532,4,1484243241001,,)
(,,2.19,8680,4,1484243241001,,)
(,,2.187,8727,4,1484243241001,,)
(,,2.215,8520,4,1484243241001,,)
(,,2.181,8593,4,1484243241001,,)
(,,2.204,8584,4,1484243241001,,)
(,,2.183,8757,4,1484243241001,,)
(,,2.173,8340,2,1484243242000,,)
(,,2.23,8180,1,1484243242000,,)
(,,2.217,8214,2,1484243242000,,)
(,,2.211,8295,2,1484243242000,,)
(,,2.202,8148,2,1484243242000,,)
(,,2.173,8234,2,1484243242000,,)
(,,2.211,8277,2,1484243242000,,)
(,,2.191,8439,2,1484243242001,,)
(,,2.209,8290,2,1484243242001,,)
(,,2.205,8024,6,1484243243000,,)
(,,2.194,7991,6,1484243243000,,)
(,,2.198,7826,6,1484243243000,,)
(,,2.186,7875,6,1484243243000,,)
(,,2.199,7981,7,1484243243001,,)
(,,2.214,7817,7,1484243243001,,)
(,,2.221,7839,7,1484243243001,,)
(,,2.194,7984,7,1484243243001,,)
(,,2.195,7914,7,1484243243001,,)
(,,2.197,8254,2,1484243244000,,)
(,,2.209,8441,2,1484243244000,,)
(,,2.189,8393,3,1484243244001,,)
(,,2.192,8436,3,1484243244001,,)
(,,2.21,8405,3,1484243244001,,)
(,,2.21,8380,3,1484243244001,,)
(,,2.182,8315,3,1484243244001,,)
(,,2.196,8532,3,1484243244001,,)
(,,2.22,8437,3,1484243244001,,)
(,,2.215,7761,9,1484243245001,,)
(,,2.202,7787,10,1484243245001,,)
(,,2.215,7740,9,1484243245001,,)
(,,2.207,7635,9,1484243245001,,)
(,,2.169,7706,10,1484243245001,,)
(,,2.169,7835,9,1484243245001,,)
(,,2.198,7698,9,1484243245001,,)
(,,2.214,7657,11,1484243245002,,)
(,,2.181,7702,11,1484243245002,,)
(,,2.22,8463,31,1484243246000,,)
(,,2.205,8211,31,1484243246000,,)
(,,2.196,8235,31,1484243246000,,)
(,,2.21,8144,31,1484243246000,,)
(,,2.204,8194,31,1484243246000,,)
(,,2.212,8226,32,1484243246001,,)
(,,2.169,8135,32,1484243246001,,)
(,,2.173,8358,32,1484243246001,,)
(,,2.22,8332,32,1484243246001,,)
(,,2.199,8107,4,1484243247000,,)
(,,2.216,8139,4,1484243247000,,)
(,,2.195,8161,5,1484243247001,,)
(,,2.217,8162,5,1484243247001,,)
(,,2.198,8092,5,1484243247001,,)
(,,2.2,8004,5,1484243247001,,)
(,,2.185,7934,5,1484243247001,,)
(,,2.19,8065,5,1484243247001,,)
(,,2.181,8115,5,1484243247001,,)
(,,2.174,8455,6,1484243248001,,)
(,,2.234,8376,6,1484243248001,,)
(,,2.193,8431,6,1484243248001,,)
(,,2.181,8299,6,1484243248001,,)
(,,2.221,8501,6,1484243248001,,)
(,,2.195,8410,6,1484243248001,,)
(,,2.197,8549,6,1484243248001,,)
(,,2.214,8289,7,1484243248002,,)
(,,2.202,8486,8,1484243248002,,)
(,,2.181,9006,5,1484243249000,,)
(,,2.225,9125,5,1484243249000,,)
(,,2.197,9093,5,1484243249000,,)
(,,2.184,9035,5,1484243249000,,)
(,,2.223,9249,5,1484243249000,,)
(,,2.223,8977,6,1484243249001,,)
(,,2.205,8944,6,1484243249001,,)
(,,2.178,9018,6,1484243249001,,)
(,,2.194,9101,6,1484243249001,,)
(,,2.199,8879,4,1484243250000,,)
(,,2.215,9070,4,1484243250000,,)
(,,2.218,8787,4,1484243250000,,)
(,,2.172,8864,5,1484243250001,,)
(,,2.185,8991,5,1484243250001,,)
(,,2.195,8987,5,1484243250001,,)
(,,2.186,8799,5,1484243250001,,)
(,,2.208,8796,5,1484243250001,,)
(,,2.225,8837,6,1484243250001,,)
(,,2.2,8174,23,1484243251000,,)
(,,2.205,8233,24,1484243251001,,)
(,,2.174,8241,24,1484243251001,,)
(,,2.2,8341,24,1484243251001,,)
(,,2.185,8179,24,1484243251001,,)
(,,2.202,8270,24,1484243251001,,)
(,,2.234,8182,24,1484243251001,,)
(,,2.195,8192,24,1484243251001,,)
(,,2.209,8118,24,1484243251001,,)
(,,2.197,8567,11,1484243252000,,)
(,,2.205,8711,11,1484243252001,,)
(,,2.214,8667,11,1484243252001,,)
(,,2.224,8564,12,1484243252001,,)
(,,2.198,8680,11,1484243252001,,)
(,,2.202,8525,12,1484243252001,,)
(,,2.215,8653,12,1484243252001,,)
(,,2.171,8694,12,1484243252001,,)
(,,2.168,8719,13,1484243252002,,)
(,,2.226,8756,10,1484243253000,,)
(,,2.226,8521,10,1484243253000,,)
(,,2.19,8657,10,1484243253000,,)
(,,2.204,8964,10,1484243253000,,)
(,,2.191,8895,10,1484243253000,,)
(,,2.182,8767,10,1484243253000,,)
(,,2.211,8915,11,1484243253001,,)
(,,2.203,8946,11,1484243253001,,)
(,,2.166,8827,11,1484243253001,,)
(,,2.191,7867,66,1484243254000,,)
(,,2.21,7799,66,1484243254000,,)
(,,2.208,7797,66,1484243254000,,)
(,,2.192,7833,66,1484243254000,,)
(,,2.214,7847,66,1484243254000,,)
(,,2.198,7851,67,1484243254001,,)
(,,2.188,7923,67,1484243254001,,)
(,,2.211,7889,67,1484243254001,,)
(,,2.196,8011,67,1484243254001,,)
(,,2.199,8042,68,1484243255000,,)
(,,2.19,7933,68,1484243255000,,)
(,,2.189,7990,68,1484243255000,,)
(,,2.217,7878,69,1484243255001,,)
(,,2.231,7741,69,1484243255001,,)
(,,2.188,7916,69,1484243255001,,)
(,,2.189,8188,69,1484243255001,,)
(,,2.219,7833,69,1484243255001,,)
(,,2.185,8077,69,1484243255001,,)
(,,2.182,9182,2,1484243256000,,)
(,,2.207,8985,3,1484243256000,,)
(,,2.209,9082,3,1484243256000,,)
(,,2.217,9025,3,1484243256001,,)
(,,2.223,9009,3,1484243256001,,)
(,,2.172,9083,3,1484243256001,,)
(,,2.175,8915,3,1484243256001,,)
(,,2.206,8799,3,1484243256001,,)
(,,2.199,9029,4,1484243256001,,)
(,,2.2,9232,6,1484243257000,,)
(,,2.212,9199,6,1484243257000,,)
(,,2.204,9163,7,1484243257001,,)
(,,2.229,9269,7,1484243257001,,)
(,,2.183,9150,7,1484243257001,,)
(,,2.196,9216,7,1484243257001,,)
(,,2.174,9107,7,1484243257001,,)
(,,2.215,9110,7,1484243257001,,)
(,,2.183,9286,7,1484243257001,,)
(,,2.22,9230,13,1484243258000,,)
(,,2.232,9262,14,1484243258001,,)
(,,2.152,9340,14,1484243258001,,)
(,,2.212,9238,14,1484243258001,,)
(,,2.204,9329,14,1484243258001,,)
(,,2.198,9270,14,1484243258001,,)
(,,2.203,9404,14,1484243258001,,)
(,,2.198,9282,15,1484243258002,,)
(,,2.202,9172,15,1484243258002,,)
(,,2.195,8348,4,1484243259000,,)
(,,2.207,8392,4,1484243259000,,)
(,,2.201,8474,5,1484243259001,,)
(,,2.19,8552,5,1484243259001,,)
(,,2.218,8342,5,1484243259001,,)
(,,2.188,8387,5,1484243259001,,)
(,,2.192,8439,6,1484243259001,,)
(,,2.188,8300,5,1484243259001,,)
(,,2.232,8509,5,1484243259001,,)
(,,2.182,8759,3,1484243260000,,)
(,,2.206,8751,4,1484243260001,,)
(,,2.205,8794,4,1484243260001,,)
(,,2.201,8634,4,1484243260001,,)
(,,2.236,8813,4,1484243260001,,)
(,,2.187,8755,4,1484243260001,,)
(,,2.19,8759,4,1484243260001,,)
(,,2.187,8718,4,1484243260001,,)
(,,2.179,8725,4,1484243260001,,)
(,,2.195,8875,10,1484243261000,,)
(,,2.211,8843,11,1484243261001,,)
(,,2.216,8918,11,1484243261001,,)
(,,2.196,8919,11,1484243261001,,)
(,,2.209,8882,11,1484243261001,,)
(,,2.199,8982,11,1484243261001,,)
(,,2.19,8916,11,1484243261001,,)
(,,2.199,8777,11,1484243261001,,)
(,,2.186,8792,11,1484243261001,,)
(,,2.213,9408,2,1484243262000,,)
(,,2.182,9430,2,1484243262000,,)
(,,2.193,9270,2,1484243262000,,)
(,,2.22,9486,2,1484243262000,,)
(,,2.197,9405,2,1484243262000,,)
(,,2.189,8972,3,1484243262001,,)
(,,2.232,9294,3,1484243262001,,)
(,,2.188,9281,3,1484243262001,,)
(,,2.194,9382,3,1484243262001,,)
(,,2.198,9744,1,1484243263000,,)
(,,2.172,9630,1,1484243263000,,)
(,,2.21,9655,1,1484243263000,,)
(,,2.207,9590,1,1484243263000,,)
(,,2.209,9566,1,1484243263000,,)
(,,2.207,9655,1,1484243263000,,)
(,,2.205,9619,1,1484243263000,,)
(,,2.188,9715,2,1484243263001,,)
(,,2.197,9803,2,1484243263001,,)
(,,2.177,9931,52,1484243264000,,)
(,,2.192,9944,52,1484243264000,,)
(,,2.196,9874,52,1484243264000,,)
(,,2.207,10056,52,1484243264000,,)
(,,2.197,9901,52,1484243264000,,)
(,,2.23,9845,52,1484243264000,,)
(,,2.202,9814,52,1484243264000,,)
(,,2.219,9883,52,1484243264000,,)
(,,2.189,9865,52,1484243264000,,)
(,,2.21,8757,5,1484243265000,,)
(,,2.178,8575,5,1484243265000,,)
(,,2.2,9003,5,1484243265000,,)
(,,2.22,8713,5,1484243265000,,)
(,,2.207,8713,5,1484243265000,,)
(,,2.188,8835,5,1484243265000,,)
(,,2.198,8808,5,1484243265000,,)
(,,2.198,8876,5,1484243265000,,)
(,,2.224,8846,5,1484243265000,,)
(,,2.189,8736,4,1484243266000,,)
(,,2.221,8806,4,1484243266000,,)
(,,2.21,8836,4,1484243266000,,)
(,,2.213,8955,4,1484243266000,,)
(,,2.176,8980,4,1484243266000,,)
(,,2.193,8805,4,1484243266000,,)
(,,2.188,8698,4,1484243266000,,)
(,,2.189,9084,4,1484243266000,,)
(,,2.206,8844,4,1484243266000,,)
(,,2.184,9074,38,1484243267001,,)
(,,2.202,9010,127,1484243267090,,)
(,,2.211,9233,127,1484243267090,,)
(,,2.185,9132,127,1484243267090,,)
(,,2.17,9118,127,1484243267090,,)
(,,2.215,9064,127,1484243267090,,)
(,,2.186,8955,127,1484243267090,,)
(,,2.235,9065,127,1484243267090,,)
(,,2.195,9333,128,1484243267091,,)
(,,2.238,9365,56,1484243268000,,)
(,,2.168,9431,56,1484243268000,,)
(,,2.179,9376,56,1484243268000,,)
(,,2.236,9308,56,1484243268000,,)
(,,2.2,9342,56,1484243268000,,)
(,,2.2,9278,56,1484243268000,,)
(,,2.2,9564,56,1484243268000,,)
(,,2.208,9429,56,1484243268000,,)
(,,2.184,9517,56,1484243268000,,)
(,,2.18,9410,29,1484243269001,,)
(,,2.183,9413,28,1484243269001,,)
(,,2.178,9314,29,1484243269001,,)
(,,2.204,9359,29,1484243269001,,)
(,,2.158,9342,29,1484243269001,,)
(,,2.224,9397,28,1484243269001,,)
(,,2.219,9500,28,1484243269001,,)
(,,2.212,9341,28,1484243269001,,)
(,,2.234,9566,28,1484243269001,,)
(,,2.204,9354,22,1484243270000,,)
(,,2.214,9330,24,1484243270001,,)
(,,2.179,9337,24,1484243270001,,)
(,,2.186,9431,24,1484243270001,,)
(,,2.211,9239,24,1484243270001,,)
(,,2.187,9596,24,1484243270001,,)
(,,2.197,9323,23,1484243270001,,)
(,,2.205,9339,23,1484243270001,,)
(,,2.218,9517,24,1484243270001,,)
(,,2.18,8385,4,1484243271000,,)
(,,2.191,8464,5,1484243271001,,)
(,,2.212,8474,5,1484243271001,,)
(,,2.192,8391,5,1484243271001,,)
(,,2.216,8295,5,1484243271001,,)
(,,2.237,8397,5,1484243271001,,)
(,,2.201,8419,5,1484243271001,,)
(,,2.223,8317,5,1484243271001,,)
(,,2.171,8416,5,1484243271001,,)
(,,2.2,9659,29,1484243272000,,)
(,,2.174,9793,30,1484243272001,,)
(,,2.219,9835,30,1484243272001,,)
(,,2.191,9772,30,1484243272001,,)
(,,2.214,9665,30,1484243272001,,)
(,,2.205,9676,30,1484243272001,,)
(,,2.187,9654,30,1484243272001,,)
(,,2.192,9687,30,1484243272001,,)
(,,2.224,9611,30,1484243272001,,)
(,,2.234,8674,11,1484243273000,,)
(,,2.192,8693,11,1484243273000,,)
(,,2.174,8656,12,1484243273001,,)
(,,2.19,8752,12,1484243273001,,)
(,,2.193,8523,12,1484243273001,,)
(,,2.217,8736,12,1484243273001,,)
(,,2.202,8700,12,1484243273001,,)
(,,2.207,8604,12,1484243273001,,)
(,,2.178,8769,12,1484243273001,,)
(,,2.226,9633,4,1484243274000,,)
(,,2.192,9534,4,1484243274000,,)
(,,2.207,9326,4,1484243274000,,)
(,,2.189,9531,5,1484243274001,,)
(,,2.194,9197,5,1484243274001,,)
(,,2.184,9436,5,1484243274001,,)
(,,2.203,9267,5,1484243274001,,)
(,,2.204,9446,5,1484243274001,,)
(,,2.205,9397,5,1484243274001,,)
(,,2.238,8517,37,1484243275000,,)
(,,2.21,8769,37,1484243275000,,)
(,,2.18,8823,37,1484243275000,,)
(,,2.199,8672,38,1484243275001,,)
(,,2.204,8653,38,1484243275001,,)
(,,2.181,8657,38,1484243275001,,)
(,,2.186,8801,38,1484243275001,,)
(,,2.217,8532,38,1484243275001,,)
(,,2.173,8681,38,1484243275001,,)
(,,2.211,8064,72,1484243276000,,)
(,,2.2,7856,72,1484243276000,,)
(,,2.186,7921,73,1484243276001,,)
(,,2.217,7917,73,1484243276001,,)
(,,2.206,8108,73,1484243276001,,)
(,,2.209,8111,73,1484243276001,,)
(,,2.204,7930,73,1484243276001,,)
(,,2.185,7804,73,1484243276001,,)
(,,2.202,8017,73,1484243276001,,)
(,,2.203,8981,3,1484243277001,,)
(,,2.21,9036,3,1484243277001,,)
(,,2.195,8959,3,1484243277001,,)
(,,2.206,8868,3,1484243277001,,)
(,,2.202,8966,3,1484243277001,,)
(,,2.179,8831,3,1484243277001,,)
(,,2.197,9062,3,1484243277001,,)
(,,2.18,9113,3,1484243277001,,)
(,,2.212,8851,3,1484243277001,,)
(,,2.191,9018,29,1484243278001,,)
(,,2.193,9224,29,1484243278001,,)
(,,2.203,9020,29,1484243278001,,)
(,,2.171,9159,29,1484243278001,,)
(,,2.209,9071,29,1484243278001,,)
(,,2.217,9146,29,1484243278001,,)
(,,2.196,9001,29,1484243278001,,)
(,,2.223,8986,29,1484243278001,,)
(,,2.223,9187,29,1484243278001,,)
(,,2.194,8589,7,1484243279000,,)
(,,2.207,8570,7,1484243279000,,)
(,,2.201,8553,7,1484243279000,,)
(,,2.187,8447,7,1484243279000,,)
(,,2.192,8469,7,1484243279000,,)
(,,2.194,8527,7,1484243279000,,)
(,,2.201,8651,7,1484243279000,,)
(,,2.219,8572,7,1484243279000,,)
(,,2.188,8526,8,1484243279001,,)
(,,2.197,8125,36,1484243280000,,)
(,,2.193,8168,36,1484243280000,,)
(,,2.182,8055,36,1484243280000,,)
(,,2.201,8023,36,1484243280000,,)
(,,2.222,8076,36,1484243280000,,)
(,,2.217,8130,37,1484243280001,,)
(,,2.191,8110,37,1484243280001,,)
(,,2.222,8095,37,1484243280001,,)
(,,2.199,8116,37,1484243280001,,)
(,,2.221,8364,2,1484243281000,,)
(,,2.193,8339,2,1484243281000,,)
(,,2.196,8181,2,1484243281000,,)
(,,2.217,8151,3,1484243281001,,)
(,,2.184,8398,3,1484243281001,,)
(,,2.206,8340,3,1484243281001,,)
(,,2.16,8241,3,1484243281001,,)
(,,2.207,8336,3,1484243281001,,)
(,,2.216,8330,3,1484243281001,,)
(,,2.233,7948,4,1484243282000,,)
(,,2.199,7962,5,1484243282001,,)
(,,2.202,7902,5,1484243282001,,)
(,,2.171,8016,5,1484243282001,,)
(,,2.221,8007,6,1484243282001,,)
(,,2.207,8010,5,1484243282001,,)
(,,2.17,8020,6,1484243282001,,)
(,,2.217,7951,6,1484243282002,,)
(,,2.177,8069,6,1484243282002,,)
(,,2.211,8124,7,1484243283000,,)
(,,2.194,8191,7,1484243283000,,)
(,,2.198,8324,6,1484243283000,,)
(,,2.199,8121,6,1484243283000,,)
(,,2.198,8051,8,1484243283001,,)
(,,2.186,8270,8,1484243283001,,)
(,,2.189,8158,7,1484243283001,,)
(,,2.216,8236,8,1484243283001,,)
(,,2.197,8186,7,1484243283001,,)
(,,2.175,8525,4,1484243284000,,)
(,,2.206,8703,4,1484243284000,,)
(,,2.194,8594,5,1484243284001,,)
(,,2.214,8657,5,1484243284001,,)
(,,2.208,8787,5,1484243284001,,)
(,,2.217,8486,5,1484243284001,,)
(,,2.188,8614,5,1484243284001,,)
(,,2.199,8617,5,1484243284001,,)
(,,2.222,8772,5,1484243284001,,)
(,,2.201,8939,8,1484243285000,,)
(,,2.195,9001,9,1484243285001,,)
(,,2.197,9186,9,1484243285001,,)
(,,2.226,8824,9,1484243285001,,)
(,,2.185,8845,9,1484243285001,,)
(,,2.186,9074,9,1484243285001,,)
(,,2.177,8894,9,1484243285001,,)
(,,2.226,8966,10,1484243285002,,)
(,,2.18,9045,10,1484243285002,,)
(,,2.224,9539,4,1484243286000,,)
(,,2.182,9879,4,1484243286000,,)
(,,2.197,9544,5,1484243286001,,)
(,,2.199,9406,5,1484243286001,,)
(,,2.193,9618,5,1484243286001,,)
(,,2.215,9625,5,1484243286001,,)
(,,2.192,9462,5,1484243286001,,)
(,,2.18,9551,5,1484243286001,,)
(,,2.204,9571,5,1484243286001,,)
(,,2.222,8720,1,1484243287000,,)
(,,2.192,8734,2,1484243287001,,)
(,,2.225,8589,2,1484243287001,,)
(,,2.175,8682,2,1484243287001,,)
(,,2.197,8702,2,1484243287001,,)
(,,2.225,8845,2,1484243287001,,)
(,,2.196,8824,2,1484243287001,,)
(,,2.197,8631,2,1484243287001,,)
(,,2.19,8751,2,1484243287001,,)
(,,2.218,9236,4,1484243288000,,)
(,,2.177,9128,5,1484243288001,,)
(,,2.213,9209,5,1484243288001,,)
(,,2.222,9278,5,1484243288001,,)
(,,2.21,9135,5,1484243288001,,)
(,,2.198,9064,5,1484243288001,,)
(,,2.194,9200,5,1484243288001,,)
(,,2.173,9065,5,1484243288001,,)
(,,2.202,9263,5,1484243288001,,)
(,,2.178,10033,5,1484243289000,,)
(,,2.206,9788,5,1484243289001,,)
(,,2.204,9874,5,1484243289001,,)
(,,2.21,9898,5,1484243289001,,)
(,,2.195,9952,5,1484243289001,,)
(,,2.211,9864,5,1484243289001,,)
(,,2.19,9846,5,1484243289001,,)
(,,2.191,9864,5,1484243289001,,)
(,,2.198,9982,5,1484243289001,,)
(,,2.214,9700,12,1484243290000,,)
(,,2.207,9482,12,1484243290000,,)
(,,2.237,9562,13,1484243290001,,)
(,,2.21,9484,13,1484243290001,,)
(,,2.184,9631,13,1484243290001,,)
(,,2.21,9369,13,1484243290001,,)
(,,2.194,9538,13,1484243290001,,)
(,,2.194,9649,13,1484243290001,,)
(,,2.176,9553,13,1484243290001,,)
(,,2.201,9494,2,1484243291000,,)
(,,2.186,9635,2,1484243291000,,)
(,,2.204,9575,3,1484243291001,,)
(,,2.199,9275,3,1484243291001,,)
(,,2.198,9446,3,1484243291001,,)
(,,2.193,9425,3,1484243291001,,)
(,,2.205,9392,3,1484243291001,,)
(,,2.196,9319,3,1484243291001,,)
(,,2.208,9343,3,1484243291001,,)
(,,2.191,8682,20,1484243292000,,)
(,,2.202,8647,20,1484243292000,,)
(,,2.19,8606,21,1484243292001,,)
(,,2.222,8761,21,1484243292001,,)
(,,2.185,8620,21,1484243292001,,)
(,,2.19,8574,21,1484243292001,,)
(,,2.189,8720,21,1484243292001,,)
(,,2.203,8707,21,1484243292001,,)
(,,2.206,8521,21,1484243292001,,)
(,,2.209,7835,7,1484243293000,,)
(,,2.232,7830,8,1484243293001,,)
(,,2.203,7801,8,1484243293001,,)
(,,2.214,7789,8,1484243293001,,)
(,,2.22,7722,8,1484243293001,,)
(,,2.176,7632,8,1484243293001,,)
(,,2.183,7580,8,1484243293001,,)
(,,2.203,7674,8,1484243293001,,)
(,,2.183,7682,8,1484243293001,,)
(,,2.182,7457,8,1484243294000,,)
(,,2.2,7627,9,1484243294001,,)
(,,2.192,7472,9,1484243294001,,)
(,,2.202,7601,9,1484243294001,,)
(,,2.197,7404,9,1484243294001,,)
(,,2.184,7465,9,1484243294001,,)
(,,2.223,7492,9,1484243294001,,)
(,,2.228,7646,9,1484243294001,,)
(,,2.211,7513,9,1484243294001,,)
(,,2.219,8322,2,1484243295000,,)
(,,2.193,8373,3,1484243295001,,)
(,,2.18,8406,3,1484243295001,,)
(,,2.204,8301,3,1484243295001,,)
(,,2.242,8225,3,1484243295001,,)
(,,2.211,8254,3,1484243295001,,)
(,,2.162,8223,3,1484243295001,,)
(,,2.181,8377,3,1484243295001,,)
(,,2.201,8304,3,1484243295001,,)
(,,2.194,8866,22,1484243296000,,)
(,,2.181,8923,23,1484243296001,,)
(,,2.188,8976,23,1484243296001,,)
(,,2.203,8966,23,1484243296001,,)
(,,2.206,9052,23,1484243296001,,)
(,,2.231,8833,23,1484243296001,,)
(,,2.188,9082,23,1484243296001,,)
(,,2.216,9000,23,1484243296001,,)
(,,2.186,8959,23,1484243296001,,)
(,,2.196,10162,29,1484243297001,,)
(,,2.215,10150,140,1484243297112,,)
(,,2.181,10209,140,1484243297112,,)
(,,2.197,10113,140,1484243297112,,)
(,,2.216,10058,140,1484243297112,,)
(,,2.234,10226,140,1484243297112,,)
(,,2.19,9912,140,1484243297112,,)
(,,2.207,10148,140,1484243297112,,)
(,,2.186,10115,140,1484243297112,,)
(,,2.203,10460,5,1484243298000,,)
(,,2.198,10552,5,1484243298000,,)
(,,2.206,10179,5,1484243298000,,)
(,,2.183,10463,5,1484243298000,,)
(,,2.235,10438,6,1484243298000,,)
(,,2.176,10591,5,1484243298000,,)
(,,2.184,10403,5,1484243298000,,)
(,,2.185,10454,6,1484243298001,,)
(,,2.212,10646,6,1484243298001,,)
(,,2.168,10550,1,1484243299000,,)
(,,2.219,10379,1,1484243299000,,)
(,,2.227,10335,1,1484243299000,,)
(,,2.199,10517,1,1484243299000,,)
(,,2.205,10350,1,1484243299000,,)
(,,2.172,10441,1,1484243299000,,)
(,,2.201,10470,2,1484243299001,,)
(,,2.213,10534,2,1484243299001,,)
(,,2.2,10287,2,1484243299001,,)
(,,2.197,9904,6,1484243300000,,)
(,,2.2,10195,6,1484243300000,,)
(,,2.223,9995,6,1484243300000,,)
(,,2.192,10010,6,1484243300000,,)
(,,2.195,9977,6,1484243300000,,)
(,,2.215,10014,7,1484243300001,,)
(,,2.172,10011,7,1484243300001,,)
(,,2.189,9986,7,1484243300001,,)
(,,2.221,9938,7,1484243300001,,)
(,,2.2,9979,1,1484243301000,,)
(,,2.181,9885,1,1484243301000,,)
(,,2.188,9901,1,1484243301000,,)
(,,2.237,10115,1,1484243301000,,)
(,,2.215,9991,2,1484243301001,,)
(,,2.168,10037,2,1484243301001,,)
(,,2.21,9901,2,1484243301001,,)
(,,2.174,10081,2,1484243301001,,)
(,,2.21,9939,2,1484243301001,,)
(,,2.236,9777,11,1484243302000,,)
(,,2.206,9749,11,1484243302000,,)
(,,2.169,9889,11,1484243302000,,)
(,,2.191,9816,11,1484243302000,,)
(,,2.225,9550,12,1484243302001,,)
(,,2.209,9668,12,1484243302001,,)
(,,2.199,9814,12,1484243302001,,)
(,,2.198,9937,12,1484243302001,,)
(,,2.181,9872,12,1484243302001,,)
(,,2.196,10219,1,1484243303000,,)
(,,2.187,10138,1,1484243303000,,)
(,,2.217,10101,1,1484243303000,,)
(,,2.21,10143,1,1484243303000,,)
(,,2.218,10090,2,1484243303001,,)
(,,2.178,10118,2,1484243303001,,)
(,,2.214,10166,2,1484243303001,,)
(,,2.184,10139,3,1484243303001,,)
(,,2.206,10006,2,1484243303001,,)
(,,2.197,9180,2,1484243304000,,)
(,,2.201,9100,2,1484243304000,,)
(,,2.237,9404,2,1484243304000,,)
(,,2.188,9305,3,1484243304001,,)
(,,2.177,9359,3,1484243304001,,)
(,,2.181,9389,3,1484243304001,,)
(,,2.2,9244,3,1484243304001,,)
(,,2.216,9326,3,1484243304001,,)
(,,2.192,9300,3,1484243304001,,)
(,,2.191,9107,3,1484243305000,,)
(,,2.179,9009,3,1484243305000,,)
(,,2.202,9205,4,1484243305001,,)
(,,2.214,9008,4,1484243305001,,)
(,,2.188,8962,4,1484243305001,,)
(,,2.18,9214,4,1484243305001,,)
(,,2.219,9146,4,1484243305001,,)
(,,2.21,8875,4,1484243305001,,)
(,,2.202,9252,4,1484243305001,,)
(,,2.187,9309,1,1484243306000,,)
(,,2.208,9178,2,1484243306001,,)
(,,2.204,9106,2,1484243306001,,)
(,,2.222,9326,2,1484243306001,,)
(,,2.221,9283,2,1484243306001,,)
(,,2.195,9122,2,1484243306001,,)
(,,2.178,9245,2,1484243306001,,)
(,,2.192,9291,2,1484243306001,,)
(,,2.21,9292,2,1484243306001,,)
(,,2.195,8733,5,1484243307000,,)
(,,2.205,9072,5,1484243307000,,)
(,,2.191,8910,5,1484243307000,,)
(,,2.206,8940,5,1484243307000,,)
(,,2.193,8925,5,1484243307000,,)
(,,2.229,8900,5,1484243307000,,)
(,,2.177,8935,5,1484243307000,,)
(,,2.211,9085,5,1484243307000,,)
(,,2.214,8903,6,1484243307001,,)
(,,2.19,8482,7,1484243308000,,)
(,,2.193,8526,7,1484243308000,,)
(,,2.209,8331,7,1484243308000,,)
(,,2.216,8383,7,1484243308000,,)
(,,2.194,8460,7,1484243308000,,)
(,,2.225,8545,7,1484243308000,,)
(,,2.194,8511,7,1484243308000,,)
(,,2.189,8444,8,1484243308001,,)
(,,2.189,8412,8,1484243308001,,)
(,,2.199,8757,7,1484243309000,,)
(,,2.196,8863,7,1484243309000,,)
(,,2.2,8695,7,1484243309000,,)
(,,2.178,8819,7,1484243309000,,)
(,,2.229,8848,7,1484243309000,,)
(,,2.194,8998,7,1484243309000,,)
(,,2.188,8865,7,1484243309000,,)
(,,2.186,8855,8,1484243309001,,)
(,,2.214,8959,8,1484243309001,,)
(,,2.186,7308,2,1484243310000,,)
(,,2.243,7129,2,1484243310000,,)
(,,2.187,7200,2,1484243310000,,)
(,,2.192,7313,2,1484243310000,,)
(,,2.223,7263,2,1484243310000,,)
(,,2.19,7068,2,1484243310000,,)
(,,2.203,7210,2,1484243310000,,)
(,,2.171,7105,3,1484243310001,,)
(,,2.214,7205,3,1484243310001,,)
(,,2.227,7934,5,1484243311000,,)
(,,2.199,7894,5,1484243311000,,)
(,,2.224,8045,5,1484243311000,,)
(,,2.162,7972,5,1484243311000,,)
(,,2.19,7911,5,1484243311000,,)
(,,2.213,7867,5,1484243311000,,)
(,,2.165,7952,5,1484243311000,,)
(,,2.185,7915,5,1484243311000,,)
(,,2.216,7871,5,1484243311000,,)
(,,2.188,8477,9,1484243312000,,)
(,,2.223,8457,9,1484243312000,,)
(,,2.188,8567,9,1484243312000,,)
(,,2.198,8449,9,1484243312000,,)
(,,2.205,8515,8,1484243312000,,)
(,,2.199,8591,8,1484243312000,,)
(,,2.216,8334,9,1484243312000,,)
(,,2.194,8445,9,1484243312000,,)
(,,2.204,8557,9,1484243312000,,)
(,,2.2,9354,28,1484243313001,,)
(,,2.196,9311,28,1484243313001,,)
(,,2.239,9224,28,1484243313001,,)
(,,2.202,9262,28,1484243313001,,)
(,,2.178,9339,28,1484243313001,,)
(,,2.195,9229,28,1484243313001,,)
(,,2.192,9420,28,1484243313001,,)
(,,2.199,9610,28,1484243313001,,)
(,,2.206,9511,28,1484243313001,,)
(,,2.227,8993,2,1484243314000,,)
(,,2.2,9154,2,1484243314000,,)
(,,2.201,8992,2,1484243314000,,)
(,,2.217,9084,2,1484243314000,,)
(,,2.177,9064,2,1484243314000,,)
(,,2.204,8909,3,1484243314001,,)
(,,2.206,8995,3,1484243314001,,)
(,,2.216,8998,3,1484243314001,,)
(,,2.141,9025,3,1484243314001,,)
(,,2.202,1292,893,1484243315000,,)
(,,2.123,1280,893,1484243315000,,)
(,,2.239,1325,893,1484243315000,,)
(,,2.156,1247,893,1484243315000,,)
(,,2.234,1284,893,1484243315000,,)
(,,2.184,1286,893,1484243315000,,)
(,,2.188,1307,893,1484243315000,,)
(,,2.255,1319,893,1484243315000,,)
(,,2.233,1260,893,1484243315000,,)
