(,,2.196,2703,1119,1484239771199,,)
(,,2.206,20146,507,1484239774174,,)
(,,2.21,20177,508,1484239774175,,)
(,,2.208,20179,508,1484239774175,,)
(,,2.183,20153,508,1484239774175,,)
(,,2.202,19919,485,1484239774152,,)
(,,2.2,20094,485,1484239774152,,)
(,,2.213,20168,485,1484239774152,,)
(,,2.196,20087,485,1484239774152,,)
(,,2.188,20396,485,1484239774152,,)
(,,2.207,30556,465,1484239776284,,)
(,,2.212,30536,465,1484239776284,,)
(,,2.205,30788,465,1484239776284,,)
(,,2.186,30680,465,1484239776284,,)
(,,2.194,30507,448,1484239776267,,)
(,,2.206,30534,448,1484239776267,,)
(,,2.196,30743,448,1484239776267,,)
(,,2.201,30787,449,1484239776268,,)
(,,2.187,30786,449,1484239776268,,)
(,,2.199,24176,454,1484239778197,,)
(,,2.21,24238,454,1484239778197,,)
(,,2.2,24510,454,1484239778197,,)
(,,2.186,24356,454,1484239778197,,)
(,,2.204,24473,466,1484239778209,,)
(,,2.194,24022,466,1484239778209,,)
(,,2.189,24301,466,1484239778209,,)
(,,2.208,24391,466,1484239778209,,)
(,,2.198,24214,466,1484239778209,,)
(,,2.193,22204,581,1484239780170,,)
(,,2.192,22066,581,1484239780170,,)
(,,2.203,22299,581,1484239780170,,)
(,,2.197,22278,581,1484239780170,,)
(,,2.209,22395,597,1484239780186,,)
(,,2.184,22062,597,1484239780186,,)
(,,2.207,22169,597,1484239780186,,)
(,,2.206,22128,597,1484239780186,,)
(,,2.205,22399,598,1484239780187,,)
(,,2.207,22320,389,1484239781931,,)
(,,2.209,22405,470,1484239783854,,)
(,,2.199,22262,470,1484239783854,,)
(,,2.196,22078,470,1484239783854,,)
(,,2.198,22232,470,1484239783854,,)
(,,2.193,22221,458,1484239783842,,)
(,,2.202,22230,459,1484239783843,,)
(,,2.203,22095,459,1484239783843,,)
(,,2.201,22165,459,1484239783843,,)
(,,2.194,22312,459,1484239783843,,)
(,,2.208,22233,444,1484239785652,,)
(,,2.206,22419,444,1484239785652,,)
(,,2.19,22053,444,1484239785652,,)
(,,2.2,22155,444,1484239785652,,)
(,,2.207,22200,417,1484239785625,,)
(,,2.209,22217,417,1484239785625,,)
(,,2.186,22177,417,1484239785625,,)
(,,2.182,22295,417,1484239785625,,)
(,,2.207,22251,417,1484239785625,,)
(,,2.214,22252,417,1484239787464,,)
(,,2.208,22270,417,1484239787464,,)
(,,2.2,22139,417,1484239787464,,)
(,,2.188,22108,417,1484239787464,,)
(,,2.216,22416,445,1484239787492,,)
(,,2.21,22076,445,1484239787492,,)
(,,2.182,22021,445,1484239787492,,)
(,,2.181,22473,445,1484239787492,,)
(,,2.197,22245,445,1484239787492,,)
(,,2.21,22385,373,1484239789228,,)
(,,2.194,22093,373,1484239789228,,)
(,,2.204,22063,373,1484239789228,,)
(,,2.197,22391,373,1484239789228,,)
(,,2.209,22204,389,1484239789244,,)
(,,2.214,21926,389,1484239789244,,)
(,,2.196,22194,389,1484239789244,,)
(,,2.195,22328,389,1484239789244,,)
(,,2.179,22416,389,1484239789244,,)
(,,2.191,22259,422,1484239791009,,)
(,,2.182,22283,422,1484239791009,,)
(,,2.19,22216,422,1484239791009,,)
(,,2.211,22368,422,1484239791009,,)
(,,2.208,22218,401,1484239790988,,)
(,,2.229,22028,401,1484239790988,,)
(,,2.197,22402,401,1484239790988,,)
(,,2.19,22049,401,1484239790988,,)
(,,2.197,22177,401,1484239790988,,)
(,,2.197,22267,453,1484239792825,,)
(,,2.192,22188,454,1484239792826,,)
(,,2.193,22315,454,1484239792826,,)
(,,2.202,22011,454,1484239792826,,)
(,,2.206,22523,442,1484239792814,,)
(,,2.204,22170,442,1484239792814,,)
(,,2.191,22412,442,1484239792814,,)
(,,2.196,22140,442,1484239792814,,)
(,,2.214,21974,442,1484239792814,,)
(,,2.179,22125,400,1484239794618,,)
(,,2.211,22307,400,1484239794618,,)
(,,2.224,22050,400,1484239794618,,)
(,,2.196,22018,400,1484239794618,,)
(,,2.183,22120,427,1484239799948,,)
(,,2.196,22137,427,1484239799948,,)
(,,2.201,22304,427,1484239799948,,)
(,,2.192,22098,427,1484239799948,,)
(,,2.202,22163,451,1484239799972,,)
(,,2.228,22062,451,1484239799972,,)
(,,2.195,22243,451,1484239799972,,)
(,,2.203,22359,451,1484239799972,,)
(,,2.195,22514,451,1484239799972,,)
(,,2.197,22077,396,1484239801731,,)
(,,2.196,22168,396,1484239801731,,)
(,,2.222,22297,396,1484239801731,,)
(,,2.187,22039,396,1484239801731,,)
(,,2.188,22204,384,1484239801719,,)
(,,2.207,22126,384,1484239801719,,)
(,,2.202,22255,384,1484239801719,,)
(,,2.207,22331,384,1484239801719,,)
(,,2.191,22503,384,1484239801719,,)
(,,2.195,22204,384,1484239803439,,)
(,,2.208,22353,384,1484239803439,,)
(,,2.218,22026,385,1484239803440,,)
(,,2.197,21989,385,1484239803440,,)
(,,2.195,22333,396,1484239803451,,)
(,,2.196,22153,396,1484239803451,,)
(,,2.209,22215,396,1484239803451,,)
(,,2.194,22237,396,1484239803451,,)
(,,2.185,22490,397,1484239803452,,)
(,,2.188,11100,973,1484239804028,,)
(,,2.21,11279,973,1484239804028,,)
(,,2.216,10940,973,1484239804028,,)
(,,2.217,11018,973,1484239804028,,)
(,,2.194,11180,991,1484239804046,,)
(,,2.199,11057,991,1484239804046,,)
(,,2.215,11125,991,1484239804046,,)
(,,2.178,11139,991,1484239804046,,)
(,,2.18,11262,991,1484239804046,,)
(,,2.15,20,1454,1484239804509,,)
(,,2.181,22,1454,1484239804509,,)
(,,2.052,19,1454,1484239804509,,)
(,,2.857,21,1454,1484239804509,,)
(,,2.384,26,1468,1484239804523,,)
(,,1.903,31,1468,1484239804523,,)
(,,2.695,23,1468,1484239804523,,)
(,,2.052,19,1468,1484239804523,,)
(,,2.157,19,1468,1484239804523,,)
(,,1.923,26,847,1484239808906,,)
(,,2.0,21,847,1484239808906,,)
(,,1.6,20,847,1484239808906,,)
(,,2.304,23,847,1484239808906,,)
(,,2.296,27,835,1484239808894,,)
(,,2.3,20,835,1484239808894,,)
(,,2.523,21,836,1484239808895,,)
(,,2.166,24,836,1484239808895,,)
(,,2.222,18,836,1484239808895,,)
(,,2.0,22,1292,1484239809351,,)
(,,1.631,19,1292,1484239809351,,)
(,,1.588,17,1292,1484239809351,,)
(,,2.045,22,1292,1484239809351,,)
(,,1.965,29,1315,1484239809374,,)
(,,2.0,18,1316,1484239809375,,)
(,,2.154,336,366,1484239833436,,)
(,,2.067,339,366,1484239833436,,)
(,,2.117,341,366,1484239833436,,)
(,,2.338,331,366,1484239833436,,)
(,,2.138,376,378,1484239833448,,)
(,,2.25,340,378,1484239833448,,)
(,,2.087,310,378,1484239833448,,)
(,,2.136,338,378,1484239833448,,)
(,,2.206,393,378,1484239833448,,)
(,,2.194,725,1322,1484239834401,,)
(,,2.096,686,1322,1484239834401,,)
(,,2.246,707,1322,1484239834401,,)
(,,2.257,714,1322,1484239834401,,)
(,,2.269,728,1305,1484239834384,,)
(,,2.188,733,1305,1484239834384,,)
(,,2.156,729,1305,1484239834384,,)
(,,2.185,710,1305,1484239834384,,)
(,,2.235,748,1305,1484239834384,,)
(,,2.163,1458,354,1484239835505,,)
(,,2.17,1475,354,1484239835505,,)
(,,2.244,1465,354,1484239835505,,)
(,,2.211,4445,381,1484239837708,,)
(,,2.203,4473,381,1484239837708,,)
(,,2.21,4515,381,1484239837708,,)
(,,2.176,4605,382,1484239837709,,)
(,,2.219,4499,367,1484239837694,,)
(,,2.196,4403,367,1484239837694,,)
(,,2.211,4440,367,1484239837694,,)
(,,2.167,4452,368,1484239837695,,)
(,,2.21,4494,368,1484239837695,,)
(,,2.19,6433,341,1484239838754,,)
(,,2.189,6432,341,1484239838754,,)
(,,2.236,6317,341,1484239838754,,)
(,,2.176,6362,341,1484239838754,,)
(,,2.204,6436,354,1484239838767,,)
(,,2.234,6437,354,1484239838767,,)
(,,2.185,6490,354,1484239838767,,)
(,,2.18,6299,354,1484239838767,,)
(,,2.18,6453,354,1484239838767,,)
(,,2.201,8080,336,1484239839816,,)
(,,2.199,8079,336,1484239839816,,)
(,,2.233,7912,336,1484239839816,,)
(,,2.188,7995,336,1484239839816,,)
(,,2.197,8079,324,1484239839804,,)
(,,2.228,8037,324,1484239839804,,)
(,,2.171,8142,324,1484239839804,,)
(,,2.212,8091,324,1484239839804,,)
(,,2.167,8083,324,1484239839804,,)
(,,2.205,9396,325,1484239840890,,)
(,,2.215,9488,325,1484239840890,,)
(,,2.203,9448,325,1484239840890,,)
(,,2.178,9560,325,1484239840890,,)
(,,2.195,9552,337,1484239840902,,)
(,,2.211,9420,337,1484239840902,,)
(,,2.191,9298,337,1484239840902,,)
(,,2.222,9560,337,1484239840902,,)
(,,2.208,9334,337,1484239840902,,)
(,,2.199,10216,327,1484239841927,,)
(,,2.208,10280,327,1484239841927,,)
(,,2.223,10339,327,1484239841927,,)
(,,2.163,10388,327,1484239841927,,)
(,,2.191,10444,340,1484239841940,,)
(,,2.204,10225,340,1484239841940,,)
(,,2.193,10076,340,1484239841940,,)
(,,2.214,10420,340,1484239841940,,)
(,,2.219,10173,340,1484239841940,,)
(,,2.217,10661,341,1484239842950,,)
(,,2.197,10482,341,1484239842950,,)
(,,2.222,10572,341,1484239842950,,)
(,,2.156,10584,341,1484239842950,,)
(,,2.209,10637,353,1484239842962,,)
(,,2.203,10287,353,1484239842962,,)
(,,2.184,10445,353,1484239842962,,)
(,,2.203,10642,353,1484239842962,,)
(,,2.197,10624,353,1484239842962,,)
(,,2.21,10776,341,1484239843953,,)
(,,2.2,10610,341,1484239843953,,)
(,,2.195,10638,341,1484239843953,,)
(,,2.175,10647,341,1484239843953,,)
(,,2.22,10613,329,1484239843941,,)
(,,2.192,10384,329,1484239843941,,)
(,,2.185,10610,329,1484239843941,,)
(,,2.205,10471,329,1484239843941,,)
(,,2.195,10703,330,1484239843942,,)
(,,2.205,10682,347,1484239844979,,)
(,,2.214,10578,347,1484239844979,,)
(,,2.203,10635,347,1484239844979,,)
(,,2.193,10531,347,1484239844979,,)
(,,2.217,10408,333,1484239844965,,)
(,,2.192,10626,333,1484239844965,,)
(,,2.184,10616,333,1484239844965,,)
(,,2.201,10412,333,1484239844965,,)
(,,2.178,10540,333,1484239844965,,)
(,,2.2,10696,320,1484239845985,,)
(,,2.226,10573,320,1484239845985,,)
(,,2.201,10677,320,1484239845985,,)
(,,2.206,10627,320,1484239845985,,)
(,,2.211,10316,454,1484239846119,,)
(,,2.19,10658,454,1484239846119,,)
(,,2.181,10564,454,1484239846119,,)
(,,2.207,10551,454,1484239846119,,)
(,,2.184,10588,454,1484239846119,,)
(,,2.198,10299,380,1484239847228,,)
(,,2.209,10463,380,1484239847228,,)
(,,2.201,10557,380,1484239847228,,)
(,,2.203,10557,380,1484239847228,,)
(,,2.215,10490,368,1484239847216,,)
(,,2.183,10363,368,1484239847216,,)
(,,2.177,10504,368,1484239847216,,)
(,,2.212,10598,368,1484239847216,,)
(,,2.203,10496,368,1484239847216,,)
(,,2.175,9424,316,1484239848095,,)
(,,2.206,9417,316,1484239848095,,)
(,,2.204,9478,316,1484239848095,,)
(,,2.198,9542,316,1484239848095,,)
(,,2.214,9577,328,1484239848107,,)
(,,2.209,9311,328,1484239848107,,)
(,,2.199,9548,328,1484239848107,,)
(,,2.208,9687,328,1484239848107,,)
(,,2.193,9476,328,1484239848107,,)
(,,2.16,9198,331,1484239849032,,)
(,,2.196,9004,332,1484239849033,,)
(,,2.196,9039,332,1484239849033,,)
(,,2.205,9259,332,1484239849033,,)
(,,2.198,8788,350,1484239849051,,)
(,,2.233,8899,350,1484239849051,,)
(,,2.211,9014,350,1484239849051,,)
(,,2.206,9249,351,1484239849051,,)
(,,2.182,9140,350,1484239849051,,)
(,,2.189,9331,332,1484239850029,,)
(,,2.189,9391,332,1484239850029,,)
(,,2.216,9373,332,1484239850029,,)
(,,2.23,9431,332,1484239850029,,)
(,,2.184,8974,319,1484239850016,,)
(,,2.211,9203,320,1484239850017,,)
(,,2.186,9477,320,1484239850017,,)
(,,2.2,9439,320,1484239850017,,)
(,,2.171,9407,320,1484239850017,,)
(,,2.209,9573,335,1484239850928,,)
(,,2.185,9596,335,1484239850928,,)
(,,2.214,9479,335,1484239850928,,)
(,,2.222,9420,335,1484239850928,,)
(,,2.2,9276,353,1484239850946,,)
(,,2.193,9451,353,1484239850946,,)
(,,2.185,9700,354,1484239850947,,)
(,,2.209,9574,354,1484239850947,,)
(,,2.207,9510,354,1484239850947,,)
(,,2.21,9605,378,1484239851924,,)
(,,2.191,9520,378,1484239851924,,)
(,,2.198,9469,378,1484239851924,,)
(,,2.167,9471,378,1484239851924,,)
(,,2.191,9383,342,1484239851888,,)
(,,2.197,9554,342,1484239851888,,)
(,,2.199,9481,342,1484239851888,,)
(,,2.202,9606,342,1484239851888,,)
(,,2.241,9592,342,1484239851888,,)
(,,2.22,9878,316,1484239852910,,)
(,,2.182,9931,316,1484239852910,,)
(,,2.198,9988,316,1484239852910,,)
(,,2.164,9868,316,1484239852910,,)
(,,2.186,9842,328,1484239852922,,)
(,,2.21,9886,328,1484239852922,,)
(,,2.21,9895,328,1484239852922,,)
(,,2.193,10070,328,1484239852922,,)
(,,2.216,10012,328,1484239852922,,)
(,,2.208,9967,315,1484239853876,,)
(,,2.17,9910,315,1484239853876,,)
(,,2.198,10054,315,1484239853876,,)
(,,2.186,10005,315,1484239853876,,)
(,,2.224,9921,335,1484239853896,,)
(,,2.227,9908,335,1484239853896,,)
(,,2.215,10084,335,1484239853896,,)
(,,2.19,10097,335,1484239853896,,)
(,,2.192,9932,335,1484239853896,,)
(,,2.194,9643,331,1484239854844,,)
(,,2.195,9508,330,1484239854844,,)
(,,2.214,9608,330,1484239854844,,)
(,,2.205,9850,330,1484239854844,,)
(,,2.236,9572,342,1484239854856,,)
(,,2.226,9604,342,1484239854856,,)
(,,2.171,9860,342,1484239854856,,)
(,,2.185,9684,342,1484239854856,,)
(,,2.176,9477,342,1484239854856,,)
(,,2.175,10382,327,1484239855971,,)
(,,2.199,10252,327,1484239855971,,)
(,,2.232,10443,327,1484239855971,,)
(,,2.22,10572,327,1484239855971,,)
(,,2.209,10299,346,1484239855990,,)
(,,2.203,10363,346,1484239855990,,)
(,,2.172,10517,346,1484239855990,,)
(,,2.176,10431,346,1484239855990,,)
(,,2.206,10288,346,1484239855990,,)
(,,2.158,10998,368,1484239857064,,)
(,,2.209,10730,368,1484239857064,,)
(,,2.239,11024,368,1484239857064,,)
(,,2.205,11041,368,1484239857064,,)
(,,2.21,10805,349,1484239857045,,)
(,,2.176,10806,349,1484239857045,,)
(,,2.186,10969,350,1484239857046,,)
(,,2.181,10916,350,1484239857046,,)
(,,2.239,10965,350,1484239857046,,)
(,,2.191,10663,314,1484239858055,,)
(,,2.205,10408,314,1484239858055,,)
(,,2.234,10674,314,1484239858055,,)
(,,2.196,10543,314,1484239858055,,)
(,,2.209,10587,331,1484239858072,,)
(,,2.177,10554,331,1484239858072,,)
(,,2.155,10839,331,1484239858072,,)
(,,2.207,10471,331,1484239858072,,)
(,,2.224,10681,331,1484239858072,,)
(,,2.213,10126,313,1484239859041,,)
(,,2.2,10072,314,1484239859042,,)
(,,2.197,10256,314,1484239859042,,)
(,,2.205,10026,314,1484239859042,,)
(,,2.185,10220,325,1484239859053,,)
(,,2.201,10349,326,1484239859054,,)
(,,2.16,10471,326,1484239859054,,)
(,,2.216,9977,326,1484239859054,,)
(,,2.205,10267,326,1484239859054,,)
(,,2.205,9937,302,1484239860032,,)
(,,2.217,10045,302,1484239860032,,)
(,,2.175,10101,302,1484239860032,,)
(,,2.198,9990,302,1484239860032,,)
(,,2.184,9965,314,1484239860044,,)
(,,2.201,10158,314,1484239860044,,)
(,,2.19,10207,314,1484239860044,,)
(,,2.199,10035,314,1484239860044,,)
(,,2.214,10103,314,1484239860044,,)
(,,2.222,9863,316,1484239861021,,)
(,,2.216,10023,381,1484239861022,,)
(,,2.178,10022,317,1484239861022,,)
(,,2.197,10050,317,1484239861022,,)
(,,2.195,9980,347,1484239861052,,)
(,,2.187,10065,347,1484239861052,,)
(,,2.213,10017,347,1484239861052,,)
(,,2.186,10071,347,1484239861052,,)
(,,2.207,10015,347,1484239861052,,)
(,,2.227,10029,345,1484239862030,,)
(,,2.218,10130,345,1484239862030,,)
(,,2.172,10000,345,1484239862030,,)
(,,2.208,9986,345,1484239862030,,)
(,,2.197,10030,376,1484239862061,,)
(,,2.203,10035,377,1484239862062,,)
(,,2.2,10023,377,1484239862062,,)
(,,2.197,9876,377,1484239862062,,)
(,,2.192,9969,377,1484239862062,,)
(,,2.199,9868,333,1484239863033,,)
(,,2.214,9908,333,1484239863033,,)
(,,2.174,9872,333,1484239863033,,)
(,,2.19,9614,333,1484239863033,,)
(,,2.211,9814,315,1484239863015,,)
(,,2.22,9773,315,1484239863015,,)
(,,2.202,9813,315,1484239863015,,)
(,,2.202,9596,315,1484239863015,,)
(,,2.191,9721,315,1484239863015,,)
(,,2.19,9685,317,1484239863995,,)
(,,2.207,9667,317,1484239863995,,)
(,,2.185,9893,317,1484239863995,,)
(,,2.185,9612,317,1484239863995,,)
(,,2.207,9728,329,1484239864007,,)
(,,2.204,9708,329,1484239864007,,)
(,,2.196,9599,329,1484239864007,,)
(,,2.215,9679,329,1484239864007,,)
(,,2.197,9708,329,1484239864007,,)
(,,2.205,9548,363,1484239864948,,)
(,,2.211,9630,363,1484239864948,,)
(,,2.205,9616,363,1484239864948,,)
(,,2.205,9487,363,1484239864948,,)
(,,2.196,9548,346,1484239864931,,)
(,,2.209,9688,346,1484239864931,,)
(,,2.184,9644,346,1484239864931,,)
(,,2.199,9632,346,1484239864931,,)
(,,2.184,9751,346,1484239864931,,)
(,,2.216,9578,362,1484239865915,,)
(,,2.205,9713,362,1484239865915,,)
(,,2.216,9330,362,1484239865915,,)
(,,2.197,9587,362,1484239865915,,)
(,,2.197,9619,343,1484239865896,,)
(,,2.218,9870,344,1484239865897,,)
(,,2.207,9710,344,1484239865897,,)
(,,2.177,9685,344,1484239865897,,)
(,,2.176,9845,344,1484239865897,,)
(,,2.202,9858,344,1484239866924,,)
(,,2.188,9719,344,1484239866924,,)
(,,2.205,9584,344,1484239866924,,)
(,,2.222,9993,344,1484239866924,,)
(,,2.163,9821,313,1484239866893,,)
(,,2.198,10057,313,1484239866893,,)
(,,2.21,9806,313,1484239866893,,)
(,,2.196,9876,313,1484239866893,,)
(,,2.204,9825,313,1484239866893,,)
(,,2.2,10171,379,1484239867934,,)
(,,2.208,9938,379,1484239867934,,)
(,,2.174,10046,379,1484239867934,,)
(,,2.23,10053,379,1484239867934,,)
(,,2.177,9944,367,1484239867922,,)
(,,2.197,10049,368,1484239867923,,)
(,,2.195,10001,368,1484239867923,,)
(,,2.199,10012,368,1484239867923,,)
(,,2.197,9993,368,1484239867923,,)
(,,2.206,10539,503,1484239869075,,)
(,,2.226,10445,503,1484239869075,,)
(,,2.152,10349,503,1484239869075,,)
(,,2.201,10309,503,1484239869075,,)
(,,2.208,10221,484,1484239869056,,)
(,,2.215,10276,485,1484239869057,,)
(,,2.189,10382,485,1484239869057,,)
(,,2.213,10410,485,1484239869057,,)
(,,2.173,10486,485,1484239869057,,)
(,,2.194,10489,353,1484239870082,,)
(,,2.227,10536,353,1484239870082,,)
(,,2.153,10350,353,1484239870082,,)
(,,2.187,10456,353,1484239870082,,)
(,,2.205,10332,341,1484239870070,,)
(,,2.221,10454,341,1484239870070,,)
(,,2.207,10402,341,1484239870070,,)
(,,2.231,10405,341,1484239870070,,)
(,,2.168,10604,341,1484239870070,,)
(,,2.188,9780,338,1484239871048,,)
(,,2.215,9854,338,1484239871048,,)
(,,2.179,9739,338,1484239871048,,)
(,,2.179,9839,338,1484239871048,,)
(,,2.195,9738,326,1484239871036,,)
(,,2.211,9820,326,1484239871036,,)
(,,2.225,9794,326,1484239871036,,)
(,,2.238,9794,326,1484239871036,,)
(,,2.19,9860,326,1484239871036,,)
(,,2.19,9599,314,1484239871996,,)
(,,2.182,9638,314,1484239871996,,)
(,,2.198,9693,314,1484239871996,,)
(,,2.209,9794,314,1484239871996,,)
(,,2.207,9699,334,1484239872016,,)
(,,2.183,9486,334,1484239872016,,)
(,,2.232,9742,334,1484239872016,,)
(,,2.218,9782,334,1484239872016,,)
(,,2.212,9679,334,1484239872016,,)
(,,2.194,9668,315,1484239872898,,)
(,,2.169,9685,316,1484239872898,,)
(,,2.187,9726,315,1484239872898,,)
(,,2.211,9788,315,1484239872898,,)
(,,2.23,9840,327,1484239872910,,)
(,,2.173,9461,327,1484239872910,,)
(,,2.215,9767,327,1484239872910,,)
(,,2.194,9732,327,1484239872910,,)
(,,2.204,9760,327,1484239872910,,)
(,,2.178,9758,348,1484239873945,,)
(,,2.158,9748,348,1484239873945,,)
(,,2.211,9763,348,1484239873945,,)
(,,2.188,9706,348,1484239873945,,)
(,,2.229,9712,371,1484239873968,,)
(,,2.212,9548,371,1484239873968,,)
(,,2.202,9809,371,1484239873968,,)
(,,2.192,9714,371,1484239873968,,)
(,,2.21,9585,371,1484239873968,,)
(,,2.166,10161,340,1484239874918,,)
(,,2.174,10257,340,1484239874918,,)
(,,2.222,10341,340,1484239874918,,)
(,,2.195,10175,340,1484239874918,,)
(,,2.224,10216,352,1484239874930,,)
(,,2.242,9996,352,1484239874930,,)
(,,2.183,10196,352,1484239874930,,)
(,,2.183,10201,352,1484239874930,,)
(,,2.223,10105,352,1484239874930,,)
(,,2.166,10200,361,1484239875985,,)
(,,2.209,10332,362,1484239875986,,)
(,,2.21,10332,362,1484239875986,,)
(,,2.204,10183,362,1484239875986,,)
(,,2.213,10373,343,1484239875967,,)
(,,2.227,10091,344,1484239875968,,)
(,,2.166,10158,344,1484239875968,,)
(,,2.189,10125,344,1484239875968,,)
(,,2.21,10177,344,1484239875968,,)
(,,2.181,10295,300,1484239877005,,)
(,,2.224,10173,300,1484239877005,,)
(,,2.21,10385,300,1484239877005,,)
(,,2.199,10390,300,1484239877005,,)
(,,2.201,10299,312,1484239877017,,)
(,,2.201,10229,312,1484239877017,,)
(,,2.193,10255,312,1484239877017,,)
(,,2.202,10259,312,1484239877017,,)
(,,2.198,10150,312,1484239877017,,)
(,,2.209,10123,364,1484239877985,,)
(,,2.196,9975,364,1484239877985,,)
(,,2.175,10109,364,1484239877985,,)
(,,2.186,10282,364,1484239877985,,)
(,,2.223,10115,342,1484239877963,,)
(,,2.192,10244,342,1484239877963,,)
(,,2.215,10264,342,1484239877963,,)
(,,2.19,10285,342,1484239877963,,)
(,,2.21,10212,342,1484239877963,,)
(,,2.226,9916,425,1484239879031,,)
(,,2.174,9808,425,1484239879031,,)
(,,2.166,9678,425,1484239879031,,)
(,,2.166,9853,425,1484239879031,,)
(,,2.229,9900,413,1484239879019,,)
(,,2.186,9990,413,1484239879019,,)
(,,2.222,10012,413,1484239879019,,)
(,,2.179,9996,413,1484239879019,,)
(,,2.213,9978,413,1484239879019,,)
(,,2.206,9938,321,1484239879978,,)
(,,2.175,9981,322,1484239879979,,)
(,,2.22,9813,322,1484239879979,,)
(,,2.186,10093,322,1484239879979,,)
(,,2.217,10079,333,1484239879990,,)
(,,2.181,10029,334,1484239879991,,)
(,,2.21,10038,334,1484239879991,,)
(,,2.185,9979,334,1484239879991,,)
(,,2.211,9958,334,1484239879991,,)
(,,2.212,9539,318,1484239880939,,)
(,,2.191,9838,318,1484239880939,,)
(,,2.234,9766,318,1484239880939,,)
(,,2.21,9806,318,1484239880939,,)
(,,2.205,9874,330,1484239880951,,)
(,,2.188,9775,330,1484239880951,,)
(,,2.192,9772,330,1484239880951,,)
(,,2.191,9632,330,1484239880951,,)
(,,2.197,9696,330,1484239880951,,)
(,,2.227,9828,351,1484239881962,,)
(,,2.196,9965,351,1484239881962,,)
(,,2.226,10021,351,1484239881962,,)
(,,2.202,9926,351,1484239881962,,)
(,,2.199,10077,333,1484239881944,,)
(,,2.208,9918,333,1484239881944,,)
(,,2.221,10050,333,1484239881944,,)
(,,2.166,9890,333,1484239881944,,)
(,,2.18,9827,333,1484239881944,,)
(,,2.206,10018,304,1484239882912,,)
(,,2.178,10115,305,1484239882913,,)
(,,2.228,10062,305,1484239882913,,)
(,,2.198,10161,305,1484239882913,,)
(,,2.192,10189,292,1484239882900,,)
(,,2.195,10103,293,1484239882901,,)
(,,2.238,9991,293,1484239882901,,)
(,,2.159,10053,293,1484239882901,,)
(,,2.186,9962,293,1484239882901,,)
(,,2.19,9706,347,1484239883878,,)
(,,2.188,9736,347,1484239883878,,)
(,,2.191,9661,347,1484239883878,,)
(,,2.214,9793,347,1484239883878,,)
(,,2.194,9797,371,1484239883902,,)
(,,2.192,9764,371,1484239883902,,)
(,,2.216,9566,371,1484239883902,,)
(,,2.198,9758,371,1484239883902,,)
(,,2.196,9678,371,1484239883902,,)
(,,2.19,10365,376,1484239884995,,)
(,,2.204,10340,376,1484239884995,,)
(,,2.17,10068,376,1484239884995,,)
(,,2.224,10152,376,1484239884995,,)
(,,2.201,10357,362,1484239884981,,)
(,,2.203,10289,363,1484239884982,,)
(,,2.179,10189,363,1484239884982,,)
(,,2.216,10218,363,1484239884982,,)
(,,2.218,10179,363,1484239884982,,)
(,,2.203,10622,332,1484239885967,,)
(,,2.195,10652,332,1484239885967,,)
(,,2.195,10435,332,1484239885967,,)
(,,2.201,10468,332,1484239885967,,)
(,,2.178,10638,366,1484239886001,,)
(,,2.213,10593,366,1484239886001,,)
(,,2.18,10460,366,1484239886001,,)
(,,2.23,10490,367,1484239886002,,)
(,,2.204,10542,367,1484239886002,,)
(,,2.218,10234,342,1484239886987,,)
(,,2.202,10316,342,1484239886987,,)
(,,2.208,10233,342,1484239886987,,)
(,,2.194,10218,342,1484239886987,,)
(,,2.167,10329,330,1484239886975,,)
(,,2.191,10198,330,1484239886975,,)
(,,2.185,10347,330,1484239886975,,)
(,,2.252,10374,330,1484239886975,,)
(,,2.183,10339,330,1484239886975,,)
(,,2.206,10170,328,1484239887970,,)
(,,2.211,10240,328,1484239887970,,)
(,,2.191,10028,328,1484239887970,,)
(,,2.209,10130,328,1484239887970,,)
(,,2.197,10186,311,1484239887953,,)
(,,2.185,9958,311,1484239887953,,)
(,,2.192,10145,311,1484239887953,,)
(,,2.221,10293,311,1484239887953,,)
(,,2.18,10106,311,1484239887953,,)
(,,2.183,10298,332,1484239888948,,)
(,,2.212,10191,332,1484239888948,,)
(,,2.184,10180,332,1484239888948,,)
(,,2.219,10128,332,1484239888948,,)
(,,2.208,10171,344,1484239888960,,)
(,,2.202,9981,344,1484239888960,,)
(,,2.199,10184,344,1484239888960,,)
(,,2.202,10156,344,1484239888960,,)
(,,2.18,10022,344,1484239888960,,)
(,,2.187,10154,328,1484239889925,,)
(,,2.185,10218,328,1484239889925,,)
(,,2.204,10321,328,1484239889925,,)
(,,2.222,9991,328,1484239889925,,)
(,,2.187,10322,346,1484239889943,,)
(,,2.176,10179,346,1484239889943,,)
(,,2.2,10451,346,1484239889943,,)
(,,2.205,10196,346,1484239889943,,)
(,,2.21,10247,346,1484239889943,,)
(,,2.205,10250,397,1484239890996,,)
(,,2.185,10151,397,1484239890996,,)
(,,2.214,10373,397,1484239890996,,)
(,,2.211,10173,397,1484239890996,,)
(,,2.196,10264,409,1484239891008,,)
(,,2.181,10240,409,1484239891008,,)
(,,2.203,10395,409,1484239891008,,)
(,,2.188,10213,409,1484239891008,,)
(,,2.207,10267,409,1484239891008,,)
(,,2.198,10480,318,1484239892013,,)
(,,2.207,10209,318,1484239892013,,)
(,,2.212,10549,318,1484239892013,,)
(,,2.205,10425,318,1484239892013,,)
(,,2.21,10291,303,1484239891998,,)
(,,2.188,10403,303,1484239891998,,)
(,,2.222,10311,303,1484239891998,,)
(,,2.192,10334,304,1484239891999,,)
(,,2.18,10255,304,1484239891999,,)
(,,2.202,9968,310,1484239892944,,)
(,,2.19,9968,311,1484239892945,,)
(,,2.226,10099,311,1484239892945,,)
(,,2.185,10070,311,1484239892945,,)
(,,2.201,10120,329,1484239892963,,)
(,,2.191,10297,329,1484239892963,,)
(,,2.227,10039,329,1484239892963,,)
(,,2.202,10108,329,1484239892963,,)
(,,2.196,10015,329,1484239892963,,)
(,,2.203,9803,327,1484239893928,,)
(,,2.198,9852,327,1484239893928,,)
(,,2.214,9880,327,1484239893928,,)
(,,2.181,9995,327,1484239893928,,)
(,,2.193,9875,315,1484239893916,,)
(,,2.21,10034,315,1484239893916,,)
(,,2.205,10021,316,1484239893917,,)
(,,2.195,9814,316,1484239893917,,)
(,,2.204,9855,316,1484239893917,,)
(,,2.188,10490,296,1484239894926,,)
(,,2.198,10478,296,1484239894926,,)
(,,2.194,10459,296,1484239894926,,)
(,,2.2,10648,296,1484239894926,,)
(,,2.194,10494,326,1484239894956,,)
(,,2.209,10431,326,1484239894956,,)
(,,2.223,10541,327,1484239894957,,)
(,,2.193,10347,327,1484239894957,,)
(,,2.191,10602,327,1484239894957,,)
(,,2.198,10729,350,1484239895985,,)
(,,2.203,10720,350,1484239895985,,)
(,,2.199,10714,350,1484239895985,,)
(,,2.198,10783,351,1484239895986,,)
(,,2.199,10848,329,1484239895964,,)
(,,2.196,10702,329,1484239895964,,)
(,,2.222,10658,329,1484239895964,,)
(,,2.185,10528,329,1484239895964,,)
(,,2.19,10774,329,1484239895964,,)
(,,2.205,10392,457,1484239897065,,)
(,,2.207,10722,457,1484239897065,,)
(,,2.196,10818,457,1484239897065,,)
(,,2.216,10683,457,1484239897065,,)
(,,2.176,10597,439,1484239897047,,)
(,,2.204,10577,439,1484239897047,,)
(,,2.193,10614,439,1484239897047,,)
(,,2.186,10498,439,1484239897047,,)
(,,2.203,10599,439,1484239897047,,)
(,,2.206,10176,345,1484239898008,,)
(,,2.189,10572,345,1484239898008,,)
(,,2.191,10477,345,1484239898008,,)
(,,2.202,10437,345,1484239898008,,)
(,,2.17,10223,356,1484239898019,,)
(,,2.217,10362,357,1484239898020,,)
(,,2.19,10447,357,1484239898020,,)
(,,2.204,10497,357,1484239898020,,)
(,,2.229,10553,357,1484239898020,,)
(,,2.204,10011,331,1484239898973,,)
(,,2.184,10134,332,1484239898974,,)
(,,2.178,9948,332,1484239898974,,)
(,,2.183,9962,332,1484239898974,,)
(,,2.203,9950,356,1484239898998,,)
(,,2.217,10102,356,1484239898998,,)
(,,2.209,10081,356,1484239898998,,)
(,,2.206,10185,356,1484239898998,,)
(,,2.218,10136,356,1484239898998,,)
(,,2.2,10258,298,1484239900005,,)
(,,2.191,10309,298,1484239900005,,)
(,,2.196,10161,298,1484239900005,,)
(,,2.198,10217,298,1484239900005,,)
(,,2.202,10223,280,1484239899987,,)
(,,2.205,10278,281,1484239899988,,)
(,,2.18,10216,281,1484239899988,,)
(,,2.215,10465,281,1484239899988,,)
(,,2.205,10171,281,1484239899988,,)
(,,2.191,10196,315,1484239900895,,)
(,,2.182,10279,315,1484239900895,,)
(,,2.207,9974,315,1484239900895,,)
(,,2.197,10234,315,1484239900895,,)
(,,2.219,10148,327,1484239900907,,)
(,,2.202,10111,327,1484239900907,,)
(,,2.173,10160,327,1484239900907,,)
(,,2.225,10308,327,1484239900907,,)
(,,2.201,10057,327,1484239900907,,)
(,,2.196,10012,321,1484239901969,,)
(,,2.214,10147,321,1484239901969,,)
(,,2.21,10092,321,1484239901969,,)
(,,2.168,10255,321,1484239901969,,)
(,,2.238,10217,305,1484239901953,,)
(,,2.197,10031,305,1484239901953,,)
(,,2.174,10136,305,1484239901953,,)
(,,2.217,10106,306,1484239901954,,)
(,,2.181,10065,306,1484239901954,,)
(,,2.204,10547,315,1484239902959,,)
(,,2.237,10584,315,1484239902959,,)
(,,2.224,10593,315,1484239902959,,)
(,,2.185,10613,315,1484239902959,,)
(,,2.197,10767,339,1484239902983,,)
(,,2.197,10679,339,1484239902983,,)
(,,2.154,10608,339,1484239902983,,)
(,,2.197,10676,339,1484239902983,,)
(,,2.19,10643,339,1484239902983,,)
(,,2.177,10220,330,1484239903996,,)
(,,2.201,10497,330,1484239903996,,)
(,,2.222,10281,330,1484239903996,,)
(,,2.221,10333,330,1484239903996,,)
(,,2.194,10503,312,1484239903978,,)
(,,2.213,10469,312,1484239903978,,)
(,,2.184,10416,312,1484239903978,,)
(,,2.195,10484,312,1484239903978,,)
(,,2.18,10524,312,1484239903978,,)
(,,2.173,10294,336,1484239905003,,)
(,,2.202,10606,336,1484239905003,,)
(,,2.197,10485,336,1484239905003,,)
(,,2.213,10456,336,1484239905003,,)
(,,2.204,10526,324,1484239904991,,)
(,,2.187,10507,325,1484239904992,,)
(,,2.205,10391,325,1484239904992,,)
(,,2.234,10462,325,1484239904992,,)
(,,2.179,10517,325,1484239904992,,)
(,,2.2,10322,340,1484239905977,,)
(,,2.211,10183,340,1484239905977,,)
(,,2.185,10236,341,1484239905978,,)
(,,2.208,10116,341,1484239905978,,)
(,,2.188,10210,328,1484239905965,,)
(,,2.189,10206,329,1484239905966,,)
(,,2.197,10206,329,1484239905966,,)
(,,2.227,10225,329,1484239905966,,)
(,,2.213,10104,329,1484239905966,,)
(,,2.21,10348,297,1484239906997,,)
(,,2.202,10247,297,1484239906997,,)
(,,2.184,10276,297,1484239906997,,)
(,,2.194,10251,297,1484239906997,,)
(,,2.185,10219,309,1484239907009,,)
(,,2.209,10188,309,1484239907009,,)
(,,2.201,10498,309,1484239907009,,)
(,,2.211,10316,309,1484239907009,,)
(,,2.212,10163,309,1484239907009,,)
(,,2.21,10280,353,1484239907945,,)
(,,2.222,10388,353,1484239907945,,)
(,,2.199,10368,353,1484239907945,,)
(,,2.179,10318,353,1484239907945,,)
(,,2.193,10319,341,1484239907933,,)
(,,2.182,10204,341,1484239907933,,)
(,,2.197,10275,341,1484239907933,,)
(,,2.22,10294,341,1484239907933,,)
(,,2.212,10280,341,1484239907933,,)
(,,2.199,10020,344,1484239909001,,)
(,,2.223,10276,344,1484239909001,,)
(,,2.21,10254,344,1484239909001,,)
(,,2.188,9958,344,1484239909001,,)
(,,2.183,10215,319,1484239908976,,)
(,,2.176,10007,319,1484239908976,,)
(,,2.213,9927,319,1484239908976,,)
(,,2.203,10162,319,1484239908976,,)
(,,2.204,10125,319,1484239908976,,)
(,,2.202,10133,344,1484239909955,,)
(,,2.193,10595,344,1484239909955,,)
(,,2.187,10593,344,1484239909955,,)
(,,2.202,10198,344,1484239909955,,)
(,,2.174,10481,356,1484239909967,,)
(,,2.202,10361,356,1484239909967,,)
(,,2.224,10382,356,1484239909967,,)
(,,2.191,10454,356,1484239909967,,)
(,,2.203,10413,356,1484239909967,,)
(,,2.199,10001,323,1484239910949,,)
(,,2.185,10324,323,1484239910949,,)
(,,2.191,10211,323,1484239910949,,)
(,,2.211,9989,323,1484239910949,,)
(,,2.189,10198,305,1484239910931,,)
(,,2.196,10110,305,1484239910931,,)
(,,2.216,10159,305,1484239910931,,)
(,,2.188,10091,305,1484239910931,,)
(,,2.214,10180,305,1484239910931,,)
(,,2.189,10165,356,1484239911973,,)
(,,2.187,10183,356,1484239911973,,)
(,,2.207,10205,356,1484239911973,,)
(,,2.207,10073,356,1484239911973,,)
(,,2.203,10234,316,1484239911933,,)
(,,2.196,10164,316,1484239911933,,)
(,,2.194,10290,316,1484239911933,,)
(,,2.201,10066,316,1484239911933,,)
(,,2.211,10165,316,1484239911933,,)
(,,2.195,10208,327,1484239912965,,)
(,,2.193,10281,327,1484239912965,,)
(,,2.209,10278,327,1484239912965,,)
(,,2.191,10285,327,1484239912965,,)
(,,2.207,10267,361,1484239912999,,)
(,,2.179,10358,361,1484239912999,,)
(,,2.197,10444,361,1484239912999,,)
(,,2.225,10217,361,1484239912999,,)
(,,2.201,10215,361,1484239912999,,)
(,,2.198,10140,322,1484239913987,,)
(,,2.205,10160,322,1484239913987,,)
(,,2.196,10012,322,1484239913987,,)
(,,2.225,10086,323,1484239913988,,)
(,,2.202,9990,334,1484239913999,,)
(,,2.176,10110,334,1484239913999,,)
(,,2.212,10089,334,1484239913999,,)
(,,2.225,10078,334,1484239913999,,)
(,,2.178,9989,334,1484239913999,,)
(,,2.196,10051,318,1484239915001,,)
(,,2.174,9996,318,1484239915001,,)
(,,2.193,9990,318,1484239915001,,)
(,,2.24,9970,318,1484239915001,,)
(,,2.196,9854,306,1484239914989,,)
(,,2.192,9968,307,1484239914990,,)
(,,2.214,9824,307,1484239914990,,)
(,,2.194,10012,307,1484239914990,,)
(,,2.196,9910,307,1484239914990,,)
(,,2.193,9838,344,1484239915954,,)
(,,2.153,9917,344,1484239915954,,)
(,,2.201,10018,344,1484239915954,,)
(,,2.2,9886,344,1484239915954,,)
(,,2.177,9857,332,1484239915942,,)
(,,2.19,9915,332,1484239915942,,)
(,,2.227,9708,332,1484239915942,,)
(,,2.187,9855,332,1484239915942,,)
(,,2.234,9982,332,1484239915942,,)
(,,2.193,9745,423,1484239917022,,)
(,,2.189,9824,423,1484239917022,,)
(,,2.205,10051,423,1484239917022,,)
(,,2.211,9768,423,1484239917022,,)
(,,2.184,9819,409,1484239917008,,)
(,,2.214,9867,409,1484239917008,,)
(,,2.222,9737,409,1484239917008,,)
(,,2.167,9808,409,1484239917008,,)
(,,2.212,9924,409,1484239917008,,)
(,,2.202,10001,331,1484239918006,,)
(,,2.211,9912,331,1484239918006,,)
(,,2.221,9993,331,1484239918006,,)
(,,2.205,9792,332,1484239918007,,)
(,,2.179,9938,349,1484239918024,,)
(,,2.214,9948,349,1484239918024,,)
(,,2.203,9746,349,1484239918024,,)
(,,2.173,10043,349,1484239918024,,)
(,,2.208,10053,349,1484239918024,,)
(,,2.233,9698,323,1484239918964,,)
(,,2.201,9600,323,1484239918964,,)
(,,2.193,9560,323,1484239918964,,)
(,,2.161,9529,323,1484239918964,,)
(,,2.177,9755,335,1484239918976,,)
(,,2.196,9640,335,1484239918976,,)
(,,2.21,9390,335,1484239918976,,)
(,,2.21,9655,335,1484239918976,,)
(,,2.225,9728,335,1484239918976,,)
(,,2.223,9524,335,1484239919879,,)
(,,2.212,9570,335,1484239919879,,)
(,,2.169,9584,335,1484239919879,,)
(,,2.174,9492,335,1484239919879,,)
(,,2.21,9495,353,1484239919897,,)
(,,2.182,9494,353,1484239919897,,)
(,,2.221,9482,353,1484239919897,,)
(,,2.2,9481,353,1484239919897,,)
(,,2.204,9534,353,1484239919897,,)
(,,2.191,10254,308,1484239920947,,)
(,,2.223,10079,308,1484239920947,,)
(,,2.197,10304,308,1484239920947,,)
(,,2.193,10271,308,1484239920947,,)
(,,2.215,10147,320,1484239920959,,)
(,,2.183,10230,320,1484239920959,,)
(,,2.188,10167,320,1484239920959,,)
(,,2.203,10335,320,1484239920959,,)
(,,2.201,10271,320,1484239920959,,)
(,,2.196,10554,324,1484239921946,,)
(,,2.211,10454,325,1484239921947,,)
(,,2.196,10662,325,1484239921947,,)
(,,2.193,10727,325,1484239921947,,)
(,,2.197,10741,339,1484239921961,,)
(,,2.188,10747,339,1484239921961,,)
(,,2.2,10562,339,1484239921961,,)
(,,2.206,10826,339,1484239921961,,)
(,,2.205,10663,339,1484239921961,,)
(,,2.202,10590,343,1484239922968,,)
(,,2.196,10636,343,1484239922968,,)
(,,2.183,10658,343,1484239922968,,)
(,,2.193,10762,343,1484239922968,,)
(,,2.218,10608,331,1484239922956,,)
(,,2.184,10555,331,1484239922956,,)
(,,2.216,10609,331,1484239922956,,)
(,,2.204,10842,331,1484239922956,,)
(,,2.212,10666,331,1484239922956,,)
(,,2.214,10557,305,1484239924004,,)
(,,2.202,10650,305,1484239924004,,)
(,,2.19,10556,305,1484239924004,,)
(,,2.19,10728,305,1484239924004,,)
(,,2.206,10488,317,1484239924016,,)
(,,2.181,10503,317,1484239924016,,)
(,,2.199,10594,317,1484239924016,,)
(,,2.203,10622,317,1484239924016,,)
(,,2.211,10602,317,1484239924016,,)
(,,2.203,10389,299,1484239924976,,)
(,,2.203,10660,299,1484239924976,,)
(,,2.204,10434,299,1484239924976,,)
(,,2.215,10590,299,1484239924976,,)
(,,2.193,10506,335,1484239925012,,)
(,,2.198,10594,335,1484239925012,,)
(,,2.196,10514,335,1484239925012,,)
(,,2.187,10446,335,1484239925012,,)
(,,2.186,10643,335,1484239925012,,)
(,,2.166,10198,304,1484239925989,,)
(,,2.19,10391,305,1484239925990,,)
(,,2.209,10207,305,1484239925990,,)
(,,2.223,10261,305,1484239925990,,)
(,,2.216,10209,323,1484239926008,,)
(,,2.218,10311,323,1484239926008,,)
(,,2.211,10282,323,1484239926008,,)
(,,2.193,10281,323,1484239926008,,)
(,,2.175,10507,323,1484239926008,,)
(,,2.197,10117,312,1484239926962,,)
(,,2.184,10016,312,1484239926962,,)
(,,2.19,10114,312,1484239926962,,)
(,,2.205,10125,312,1484239926962,,)
(,,2.193,10135,342,1484239926992,,)
(,,2.201,10102,342,1484239926992,,)
(,,2.21,10066,342,1484239926992,,)
(,,2.19,10166,342,1484239926992,,)
(,,2.214,10036,342,1484239926992,,)
(,,2.228,10239,328,1484239928000,,)
(,,2.173,10112,328,1484239928000,,)
(,,2.191,10118,328,1484239928000,,)
(,,2.205,10162,328,1484239928000,,)
(,,2.201,10264,358,1484239928030,,)
(,,2.18,10058,358,1484239928030,,)
(,,2.189,10133,358,1484239928030,,)
(,,2.173,10274,358,1484239928030,,)
(,,2.24,9982,358,1484239928030,,)
(,,2.213,10085,305,1484239928960,,)
(,,2.187,10019,305,1484239928960,,)
(,,2.198,10127,305,1484239928960,,)
(,,2.172,10113,305,1484239928960,,)
(,,2.201,10084,319,1484239928974,,)
(,,2.209,10151,319,1484239928974,,)
(,,2.198,10045,319,1484239928974,,)
(,,2.189,9992,319,1484239928974,,)
(,,2.227,10005,319,1484239928974,,)
(,,2.207,9866,317,1484239929905,,)
(,,2.214,9821,318,1484239929906,,)
(,,2.176,10001,318,1484239929906,,)
(,,2.164,10019,318,1484239929906,,)
(,,2.198,10024,348,1484239929936,,)
(,,2.208,10205,348,1484239929936,,)
(,,2.223,9856,348,1484239929936,,)
(,,2.211,9860,348,1484239929936,,)
(,,2.216,9865,348,1484239929936,,)
(,,2.211,9917,330,1484239930962,,)
(,,2.214,10111,330,1484239930962,,)
(,,2.174,10023,330,1484239930962,,)
(,,2.192,10111,330,1484239930962,,)
(,,2.219,10247,308,1484239930940,,)
(,,2.188,10214,308,1484239930940,,)
(,,2.211,10134,308,1484239930940,,)
(,,2.196,10182,308,1484239930940,,)
(,,2.215,10265,308,1484239930940,,)
(,,2.206,10037,311,1484239931934,,)
(,,2.19,10250,311,1484239931934,,)
(,,2.215,10209,311,1484239931934,,)
(,,2.196,10290,311,1484239931934,,)
(,,2.201,10341,344,1484239931967,,)
(,,2.204,10203,344,1484239931967,,)
(,,2.202,10415,344,1484239931967,,)
(,,2.178,10217,344,1484239931967,,)
(,,2.21,10401,344,1484239931967,,)
(,,2.187,10081,357,1484239932956,,)
(,,2.203,10212,357,1484239932956,,)
(,,2.237,9959,357,1484239932956,,)
(,,2.182,10146,357,1484239932956,,)
(,,2.182,10163,329,1484239932928,,)
(,,2.187,10044,330,1484239932929,,)
(,,2.203,10167,330,1484239932929,,)
(,,2.184,10150,330,1484239932929,,)
(,,2.215,10161,330,1484239932929,,)
(,,2.182,10316,338,1484239933949,,)
(,,2.229,10188,338,1484239933949,,)
(,,2.198,10086,338,1484239933949,,)
(,,2.188,10154,338,1484239933949,,)
(,,2.188,9990,314,1484239933925,,)
(,,2.189,10015,314,1484239933925,,)
(,,2.21,10021,314,1484239933925,,)
(,,2.19,10154,314,1484239933925,,)
(,,2.218,10122,314,1484239933925,,)
(,,2.196,10429,319,1484239934912,,)
(,,2.221,10090,319,1484239934912,,)
(,,2.183,10170,319,1484239934912,,)
(,,2.198,10133,319,1484239934912,,)
(,,2.213,9991,307,1484239934900,,)
(,,2.197,10019,307,1484239934900,,)
(,,2.218,10074,307,1484239934900,,)
(,,2.178,10131,307,1484239934900,,)
(,,2.205,10063,307,1484239934900,,)
(,,2.218,10469,324,1484239935889,,)
(,,2.207,10341,325,1484239935890,,)
(,,2.176,10349,325,1484239935890,,)
(,,2.206,10279,325,1484239935890,,)
(,,2.219,10309,313,1484239935878,,)
(,,2.207,10337,313,1484239935878,,)
(,,2.196,10375,313,1484239935878,,)
(,,2.166,10484,313,1484239935878,,)
(,,2.198,10392,313,1484239935878,,)
(,,2.223,11020,362,1484239937011,,)
(,,2.2,10953,363,1484239937012,,)
(,,2.168,11078,363,1484239937012,,)
(,,2.234,10866,363,1484239937012,,)
(,,2.198,10990,332,1484239936981,,)
(,,2.209,10867,332,1484239936981,,)
(,,2.201,10967,332,1484239936981,,)
(,,2.178,11054,332,1484239936981,,)
(,,2.183,11018,332,1484239936981,,)
(,,2.189,11482,396,1484239938137,,)
(,,2.19,11256,396,1484239938137,,)
(,,2.197,11359,396,1484239938137,,)
(,,2.225,11374,396,1484239938137,,)
(,,2.206,11326,378,1484239938119,,)
(,,2.215,11240,378,1484239938119,,)
(,,2.195,11143,378,1484239938119,,)
(,,2.201,11298,378,1484239938119,,)
(,,2.185,11286,378,1484239938119,,)
(,,2.175,11007,319,1484239939128,,)
(,,2.167,10846,320,1484239939128,,)
(,,2.196,11046,319,1484239939128,,)
(,,2.202,11112,320,1484239939128,,)
(,,2.225,10853,307,1484239939116,,)
(,,2.226,10900,308,1484239939116,,)
(,,2.167,10804,307,1484239939116,,)
(,,2.219,11083,308,1484239939116,,)
(,,2.213,10863,307,1484239939116,,)
(,,2.208,10205,303,1484239940047,,)
(,,2.177,10147,303,1484239940047,,)
(,,2.186,10365,303,1484239940047,,)
(,,2.179,10260,304,1484239940048,,)
(,,2.22,10070,340,1484239940084,,)
(,,2.222,10172,340,1484239940084,,)
(,,2.187,10280,340,1484239940084,,)
(,,2.192,10353,340,1484239940084,,)
(,,2.236,10335,340,1484239940084,,)
(,,2.201,9949,338,1484239941103,,)
(,,2.208,9963,338,1484239941103,,)
(,,2.201,10133,339,1484239941104,,)
(,,2.178,10046,339,1484239941104,,)
(,,2.201,9968,350,1484239941115,,)
(,,2.208,10060,350,1484239941115,,)
(,,2.215,10099,350,1484239941115,,)
(,,2.172,10127,350,1484239941115,,)
(,,2.209,10168,350,1484239941115,,)
(,,2.198,10038,304,1484239942082,,)
(,,2.219,10170,304,1484239942082,,)
(,,2.197,10081,304,1484239942082,,)
(,,2.174,9994,304,1484239942082,,)
(,,2.211,10006,328,1484239942106,,)
(,,2.183,10115,328,1484239942106,,)
(,,2.202,9990,328,1484239942106,,)
(,,2.188,10145,328,1484239942106,,)
(,,2.183,10029,328,1484239942106,,)
(,,2.234,9908,291,1484239943002,,)
(,,2.183,10005,291,1484239943002,,)
(,,2.217,9875,291,1484239943002,,)
(,,2.173,9826,292,1484239943003,,)
(,,2.209,9640,310,1484239943021,,)
(,,2.196,9836,310,1484239943021,,)
(,,2.193,9696,310,1484239943021,,)
(,,2.194,9884,310,1484239943021,,)
(,,2.196,9910,310,1484239943021,,)
(,,2.218,9842,351,1484239943971,,)
(,,2.155,9624,351,1484239943971,,)
(,,2.242,9907,351,1484239943971,,)
(,,2.188,9845,351,1484239943971,,)
(,,2.196,9681,333,1484239943953,,)
(,,2.212,9763,333,1484239943953,,)
(,,2.198,9643,333,1484239943953,,)
(,,2.2,9856,333,1484239943953,,)
(,,2.211,9925,333,1484239943953,,)
(,,2.214,10022,385,1484239944997,,)
(,,2.197,9838,385,1484239944997,,)
(,,2.218,10027,385,1484239944997,,)
(,,2.169,10029,385,1484239944997,,)
(,,2.183,10008,373,1484239944985,,)
(,,2.219,9975,373,1484239944985,,)
(,,2.186,9816,373,1484239944985,,)
(,,2.211,9927,373,1484239944985,,)
(,,2.228,9962,373,1484239944985,,)
(,,2.2,10207,367,1484239945963,,)
(,,2.219,10319,367,1484239945963,,)
(,,2.204,10072,367,1484239945963,,)
(,,2.178,10064,367,1484239945963,,)
(,,2.182,9999,355,1484239945951,,)
(,,2.203,10133,355,1484239945951,,)
(,,2.196,10020,355,1484239945951,,)
(,,2.201,10022,355,1484239945951,,)
(,,2.206,9995,355,1484239945951,,)
(,,2.183,10136,333,1484239946910,,)
(,,2.21,10269,334,1484239946911,,)
(,,2.21,9932,334,1484239946911,,)
(,,2.197,9865,334,1484239946911,,)
(,,2.192,9745,370,1484239946947,,)
(,,2.198,10039,370,1484239946947,,)
(,,2.223,10026,370,1484239946947,,)
(,,2.188,10034,370,1484239946947,,)
(,,2.182,10017,370,1484239946947,,)
(,,2.205,10196,329,1484239947886,,)
(,,2.216,10093,329,1484239947886,,)
(,,2.178,9998,329,1484239947886,,)
(,,2.221,10089,329,1484239947886,,)
(,,2.197,10200,314,1484239947871,,)
(,,2.189,10223,314,1484239947871,,)
(,,2.201,10185,314,1484239947871,,)
(,,2.185,10247,314,1484239947871,,)
(,,2.206,10220,314,1484239947871,,)
(,,2.204,10754,341,1484239948971,,)
(,,2.236,10493,341,1484239948971,,)
(,,2.17,10588,341,1484239948971,,)
(,,2.222,10697,341,1484239948971,,)
(,,2.201,10900,311,1484239948941,,)
(,,2.176,10798,311,1484239948941,,)
(,,2.182,10728,311,1484239948941,,)
(,,2.175,10779,311,1484239948941,,)
(,,2.229,10694,311,1484239948941,,)
(,,2.185,11012,317,1484239949999,,)
(,,2.225,10926,317,1484239949999,,)
(,,2.179,10952,317,1484239949999,,)
(,,2.202,11092,317,1484239949999,,)
(,,2.19,11067,348,1484239950030,,)
(,,2.191,11147,348,1484239950030,,)
(,,2.223,10989,348,1484239950030,,)
(,,2.175,11102,348,1484239950030,,)
(,,2.225,11113,348,1484239950030,,)
(,,2.174,10860,330,1484239951037,,)
(,,2.203,10974,331,1484239951038,,)
(,,2.192,10813,331,1484239951038,,)
(,,2.204,10857,331,1484239951038,,)
(,,2.218,10912,349,1484239951056,,)
(,,2.177,11015,349,1484239951056,,)
(,,2.225,10885,349,1484239951056,,)
(,,2.2,10809,349,1484239951056,,)
(,,2.214,11005,349,1484239951056,,)
(,,2.198,10462,321,1484239952016,,)
(,,2.204,10580,322,1484239952017,,)
(,,2.215,10525,322,1484239952017,,)
(,,2.188,10403,322,1484239952017,,)
(,,2.205,10468,344,1484239952039,,)
(,,2.176,10450,344,1484239952039,,)
(,,2.192,10599,345,1484239952040,,)
(,,2.207,10458,345,1484239952040,,)
(,,2.202,10544,345,1484239952040,,)
(,,2.208,10243,347,1484239953084,,)
(,,2.203,10197,347,1484239953084,,)
(,,2.204,10411,347,1484239953084,,)
(,,2.19,10231,347,1484239953084,,)
(,,2.176,10241,335,1484239953072,,)
(,,2.211,10389,335,1484239953072,,)
(,,2.201,10328,335,1484239953072,,)
(,,2.184,10422,335,1484239953072,,)
(,,2.215,10420,335,1484239953072,,)
(,,2.191,10359,323,1484239954027,,)
(,,2.175,10062,323,1484239954027,,)
(,,2.196,10222,323,1484239954027,,)
(,,2.208,10224,323,1484239954027,,)
(,,2.178,10244,335,1484239954039,,)
(,,2.217,10455,335,1484239954039,,)
(,,2.206,10217,335,1484239954039,,)
(,,2.217,10304,335,1484239954039,,)
(,,2.219,10309,335,1484239954039,,)
