(,,2.271,144,79,1484245528004,,)
(,,2.149,134,79,1484245528004,,)
(,,2.293,150,79,1484245528005,,)
(,,2.16,150,80,1484245528005,,)
(,,2.268,164,82,1484245528005,,)
(,,2.413,150,82,1484245528005,,)
(,,2.36,136,80,1484245528005,,)
(,,2.289,142,81,1484245528005,,)
(,,2.191,157,81,1484245528005,,)
(,,2.233,6239,11,1484245529000,,)
(,,2.168,6165,11,1484245529000,,)
(,,2.183,6190,11,1484245529000,,)
(,,2.222,6086,12,1484245529001,,)
(,,2.226,6101,12,1484245529001,,)
(,,2.195,6097,12,1484245529001,,)
(,,2.172,6215,12,1484245529001,,)
(,,2.156,6280,13,1484245529002,,)
(,,2.224,6288,13,1484245529002,,)
(,,2.2,10607,4,1484245530000,,)
(,,2.22,10851,5,1484245530001,,)
(,,2.198,10560,5,1484245530001,,)
(,,2.226,10763,5,1484245530001,,)
(,,2.19,10592,5,1484245530001,,)
(,,2.186,10582,5,1484245530001,,)
(,,2.193,10492,5,1484245530001,,)
(,,2.214,10656,5,1484245530001,,)
(,,2.189,10560,5,1484245530001,,)
(,,2.197,10462,5,1484245531001,,)
(,,2.2,10375,5,1484245531001,,)
(,,2.208,10521,5,1484245531001,,)
(,,2.194,10261,6,1484245531002,,)
(,,2.191,10191,6,1484245531002,,)
(,,2.214,10287,6,1484245531002,,)
(,,2.18,10400,6,1484245531002,,)
(,,2.21,10533,6,1484245531002,,)
(,,2.193,10278,6,1484245531002,,)
(,,2.208,10123,9,1484245532000,,)
(,,2.168,10265,10,1484245532001,,)
(,,2.203,10252,10,1484245532001,,)
(,,2.18,10200,10,1484245532001,,)
(,,2.218,10318,10,1484245532001,,)
(,,2.206,10227,10,1484245532001,,)
(,,2.188,10188,10,1484245532001,,)
(,,2.236,10256,11,1484245532002,,)
(,,2.195,10329,11,1484245532002,,)
(,,2.206,8760,3,1484245533000,,)
(,,2.186,8671,3,1484245533000,,)
(,,2.196,8679,3,1484245533000,,)
(,,2.16,8785,4,1484245533001,,)
(,,2.225,8634,4,1484245533001,,)
(,,2.196,8607,4,1484245533001,,)
(,,2.234,8670,4,1484245533001,,)
(,,2.19,8648,4,1484245533001,,)
(,,2.186,8673,4,1484245533001,,)
(,,2.216,9406,16,1484245534000,,)
(,,2.184,9406,16,1484245534000,,)
(,,2.2,9502,16,1484245534000,,)
(,,2.218,9403,16,1484245534000,,)
(,,2.208,9337,16,1484245534000,,)
(,,2.206,9373,16,1484245534000,,)
(,,2.207,9498,16,1484245534000,,)
(,,2.224,9517,17,1484245534001,,)
(,,2.176,9438,17,1484245534001,,)
(,,2.198,9408,1,1484245535000,,)
(,,2.196,9495,1,1484245535000,,)
(,,2.208,9410,1,1484245535000,,)
(,,2.249,9506,1,1484245535000,,)
(,,2.179,9264,3,1484245535001,,)
(,,2.18,9509,2,1484245535001,,)
(,,2.2,9451,2,1484245535001,,)
(,,2.196,9405,2,1484245535001,,)
(,,2.187,9343,3,1484245535001,,)
(,,2.206,9276,2,1484245536000,,)
(,,2.189,9340,3,1484245536001,,)
(,,2.185,9562,3,1484245536001,,)
(,,2.184,9282,3,1484245536001,,)
(,,2.175,9423,3,1484245536001,,)
(,,2.214,9184,4,1484245536002,,)
(,,2.221,9296,4,1484245536002,,)
(,,2.195,9280,4,1484245536002,,)
(,,2.213,9315,4,1484245536002,,)
(,,2.194,8658,69,1484245537000,,)
(,,2.19,8752,70,1484245537001,,)
(,,2.17,8721,70,1484245537001,,)
(,,2.209,8509,70,1484245537001,,)
(,,2.227,8727,70,1484245537001,,)
(,,2.221,8734,71,1484245537002,,)
(,,2.217,8797,71,1484245537002,,)
(,,2.212,8752,71,1484245537002,,)
(,,2.177,9059,71,1484245537002,,)
(,,2.22,9362,25,1484245538000,,)
(,,2.175,9358,26,1484245538001,,)
(,,2.213,9222,26,1484245538001,,)
(,,2.177,9396,26,1484245538001,,)
(,,2.206,9372,26,1484245538001,,)
(,,2.187,9362,27,1484245538002,,)
(,,2.219,9565,27,1484245538002,,)
(,,2.187,9541,27,1484245538002,,)
(,,2.213,9394,27,1484245538002,,)
(,,2.183,9354,16,1484245539000,,)
(,,2.225,9408,17,1484245539001,,)
(,,2.21,9272,17,1484245539001,,)
(,,2.176,9287,17,1484245539001,,)
(,,2.202,9216,17,1484245539001,,)
(,,2.19,9323,17,1484245539001,,)
(,,2.183,9392,17,1484245539001,,)
(,,2.201,9439,17,1484245539001,,)
(,,2.203,9375,18,1484245539002,,)
(,,2.202,8757,65,1484245540000,,)
(,,2.212,8725,65,1484245540000,,)
(,,2.185,8737,65,1484245540000,,)
(,,2.208,8764,67,1484245540001,,)
(,,2.211,8742,66,1484245540001,,)
(,,2.215,8846,67,1484245540001,,)
(,,2.181,8788,66,1484245540001,,)
(,,2.2,8654,66,1484245540001,,)
(,,2.205,8727,66,1484245540001,,)
(,,2.201,9375,31,1484245541000,,)
(,,2.185,9296,31,1484245541000,,)
(,,2.197,9443,31,1484245541000,,)
(,,2.213,9498,31,1484245541000,,)
(,,2.188,9442,31,1484245541000,,)
(,,2.2,9331,31,1484245541000,,)
(,,2.219,9468,32,1484245541001,,)
(,,2.198,9414,32,1484245541001,,)
(,,2.201,9353,32,1484245541001,,)
(,,2.201,8648,3,1484245542000,,)
(,,2.183,8603,4,1484245542001,,)
(,,2.221,8669,4,1484245542001,,)
(,,2.197,8749,4,1484245542001,,)
(,,2.208,8679,4,1484245542001,,)
(,,2.202,8664,4,1484245542001,,)
(,,2.229,8532,4,1484245542001,,)
(,,2.178,8795,4,1484245542001,,)
(,,2.223,8753,5,1484245542002,,)
(,,2.193,8609,13,1484245543000,,)
(,,2.176,8697,13,1484245543000,,)
(,,2.191,8577,13,1484245543000,,)
(,,2.192,8592,14,1484245543001,,)
(,,2.213,8599,14,1484245543001,,)
(,,2.171,8705,14,1484245543001,,)
(,,2.222,8821,14,1484245543001,,)
(,,2.216,8718,14,1484245543001,,)
(,,2.218,8663,14,1484245543001,,)
(,,2.199,8845,5,1484245544001,,)
(,,2.194,8741,5,1484245544002,,)
(,,2.183,8707,6,1484245544002,,)
(,,2.182,8821,6,1484245544002,,)
(,,2.19,8714,6,1484245544002,,)
(,,2.251,8692,6,1484245544002,,)
(,,2.188,8655,7,1484245544003,,)
(,,2.201,8881,7,1484245544003,,)
(,,2.212,8852,6,1484245544003,,)
(,,2.177,9157,7,1484245545000,,)
(,,2.163,9380,8,1484245545001,,)
(,,2.192,9161,8,1484245545001,,)
(,,2.215,9234,8,1484245545001,,)
(,,2.204,9321,8,1484245545001,,)
(,,2.207,9340,9,1484245545002,,)
(,,2.189,9364,9,1484245545002,,)
(,,2.225,9540,9,1484245545002,,)
(,,2.203,9284,9,1484245545002,,)
(,,2.197,9397,18,1484245546001,,)
(,,2.225,9374,18,1484245546001,,)
(,,2.208,9478,18,1484245546001,,)
(,,2.19,9299,18,1484245546001,,)
(,,2.195,9308,18,1484245546001,,)
(,,2.222,9141,19,1484245546002,,)
(,,2.176,9258,19,1484245546002,,)
(,,2.21,9530,19,1484245546002,,)
(,,2.213,9202,19,1484245546002,,)
(,,2.222,8789,3,1484245547000,,)
(,,2.209,8858,3,1484245547000,,)
(,,2.208,8895,4,1484245547001,,)
(,,2.15,8749,4,1484245547001,,)
(,,2.214,8747,4,1484245547001,,)
(,,2.204,8789,4,1484245547001,,)
(,,2.175,8780,4,1484245547001,,)
(,,2.195,8833,4,1484245547001,,)
(,,2.195,8841,4,1484245547001,,)
(,,2.21,9051,5,1484245548000,,)
(,,2.198,9117,5,1484245548000,,)
(,,2.17,9140,5,1484245548000,,)
(,,2.234,9236,6,1484245548001,,)
(,,2.208,9231,6,1484245548001,,)
(,,2.2,9284,6,1484245548001,,)
(,,2.171,9219,6,1484245548001,,)
(,,2.216,9103,6,1484245548001,,)
(,,2.189,9260,6,1484245548001,,)
(,,2.193,8788,10,1484245549000,,)
(,,2.202,8960,10,1484245549000,,)
(,,2.212,8814,10,1484245549000,,)
(,,2.222,8896,11,1484245549001,,)
(,,2.192,8694,11,1484245549001,,)
(,,2.193,9000,11,1484245549001,,)
(,,2.167,8825,11,1484245549001,,)
(,,2.196,8789,11,1484245549001,,)
(,,2.239,8617,11,1484245549001,,)
(,,2.193,8898,7,1484245550001,,)
(,,2.217,8953,7,1484245550001,,)
(,,2.194,8874,7,1484245550001,,)
(,,2.221,8925,6,1484245550001,,)
(,,2.177,8801,7,1484245550001,,)
(,,2.184,8914,8,1484245550002,,)
(,,2.206,8989,8,1484245550002,,)
(,,2.203,8985,8,1484245550002,,)
(,,2.21,8771,7,1484245550002,,)
(,,2.206,9250,8,1484245551000,,)
(,,2.196,9226,9,1484245551001,,)
(,,2.185,9388,9,1484245551001,,)
(,,2.184,9365,9,1484245551001,,)
(,,2.222,9247,9,1484245551001,,)
(,,2.187,9374,9,1484245551001,,)
(,,2.195,9118,9,1484245551001,,)
(,,2.214,9412,10,1484245551002,,)
(,,2.204,9449,10,1484245551002,,)
(,,2.19,9158,22,1484245552000,,)
(,,2.211,9348,21,1484245552000,,)
(,,2.208,9276,23,1484245552001,,)
(,,2.198,9448,22,1484245552001,,)
(,,2.215,9155,22,1484245552001,,)
(,,2.202,9196,22,1484245552001,,)
(,,2.193,9202,23,1484245552001,,)
(,,2.202,9312,23,1484245552001,,)
(,,2.19,9337,23,1484245552001,,)
(,,2.191,8932,5,1484245553000,,)
(,,2.189,9127,5,1484245553000,,)
(,,2.187,8992,5,1484245553000,,)
(,,2.229,9101,5,1484245553000,,)
(,,2.181,9035,5,1484245553000,,)
(,,2.229,9062,6,1484245553001,,)
(,,2.164,9049,6,1484245553001,,)
(,,2.211,9043,6,1484245553001,,)
(,,2.21,8895,6,1484245553001,,)
(,,2.2,8412,10,1484245554000,,)
(,,2.197,8247,11,1484245554001,,)
(,,2.166,8416,11,1484245554001,,)
(,,2.23,8450,11,1484245554001,,)
(,,2.194,8467,11,1484245554001,,)
(,,2.24,8324,11,1484245554001,,)
(,,2.186,8612,12,1484245554002,,)
(,,2.178,8399,12,1484245554002,,)
(,,2.225,8311,12,1484245554002,,)
(,,2.211,8555,14,1484245555000,,)
(,,2.175,8831,15,1484245555001,,)
(,,2.206,8672,15,1484245555001,,)
(,,2.2,8635,15,1484245555001,,)
(,,2.189,8641,15,1484245555001,,)
(,,2.212,8550,15,1484245555001,,)
(,,2.177,8754,15,1484245555001,,)
(,,2.213,8862,15,1484245555001,,)
(,,2.221,8698,16,1484245555002,,)
(,,2.223,8753,28,1484245556000,,)
(,,2.183,8691,28,1484245556000,,)
(,,2.187,8498,28,1484245556000,,)
(,,2.2,8602,29,1484245556001,,)
(,,2.187,8590,29,1484245556001,,)
(,,2.213,8711,29,1484245556001,,)
(,,2.196,8761,29,1484245556001,,)
(,,2.231,8553,29,1484245556001,,)
(,,2.185,8449,30,1484245556002,,)
(,,2.181,8779,4,1484245557000,,)
(,,2.203,8725,4,1484245557000,,)
(,,2.195,8585,4,1484245557000,,)
(,,2.227,8551,5,1484245557001,,)
(,,2.195,8623,5,1484245557001,,)
(,,2.18,8705,5,1484245557001,,)
(,,2.214,8688,5,1484245557001,,)
(,,2.196,8806,5,1484245557001,,)
(,,2.185,8652,5,1484245557001,,)
(,,2.176,10469,2,1484245558001,,)
(,,2.187,10419,3,1484245558002,,)
(,,2.202,10277,3,1484245558002,,)
(,,2.218,10239,3,1484245558002,,)
(,,2.232,10569,3,1484245558002,,)
(,,2.167,10456,3,1484245558002,,)
(,,2.222,10536,4,1484245558003,,)
(,,2.197,10552,4,1484245558003,,)
(,,2.212,10274,4,1484245558003,,)
(,,2.197,9777,26,1484245559000,,)
(,,2.21,9829,27,1484245559001,,)
(,,2.185,9927,27,1484245559001,,)
(,,2.204,9952,27,1484245559001,,)
(,,2.216,9835,27,1484245559001,,)
(,,2.164,9868,27,1484245559001,,)
(,,2.221,9654,27,1484245559001,,)
(,,2.22,9859,28,1484245559002,,)
(,,2.169,9890,28,1484245559002,,)
(,,2.171,10037,1,1484245560000,,)
(,,2.225,10085,1,1484245560000,,)
(,,2.216,9909,2,1484245560001,,)
(,,2.196,10175,2,1484245560001,,)
(,,2.205,9931,2,1484245560001,,)
(,,2.214,10107,3,1484245560001,,)
(,,2.185,10041,2,1484245560001,,)
(,,2.203,9999,2,1484245560001,,)
(,,2.216,9939,3,1484245560001,,)
(,,2.193,10270,14,1484245561000,,)
(,,2.178,10497,14,1484245561000,,)
(,,2.21,10199,14,1484245561000,,)
(,,2.196,10225,14,1484245561000,,)
(,,2.171,10199,15,1484245561001,,)
(,,2.212,10303,15,1484245561001,,)
(,,2.208,10117,15,1484245561001,,)
(,,2.21,10087,15,1484245561001,,)
(,,2.209,10293,15,1484245561001,,)
(,,2.201,10633,6,1484245562000,,)
(,,2.185,10671,73,1484245562067,,)
(,,2.189,10689,73,1484245562067,,)
(,,2.21,10660,74,1484245562068,,)
(,,2.199,10704,74,1484245562068,,)
(,,2.181,10682,74,1484245562068,,)
(,,2.237,10844,74,1484245562068,,)
(,,2.201,10611,74,1484245562068,,)
(,,2.193,10493,74,1484245562068,,)
(,,2.195,9515,26,1484245563001,,)
(,,2.195,9546,26,1484245563001,,)
(,,2.201,9664,26,1484245563001,,)
(,,2.19,9605,26,1484245563001,,)
(,,2.195,9671,26,1484245563001,,)
(,,2.204,9592,26,1484245563001,,)
(,,2.199,9424,26,1484245563001,,)
(,,2.209,9560,27,1484245563002,,)
(,,2.228,9499,27,1484245563002,,)
(,,2.204,8835,3,1484245564000,,)
(,,2.19,8907,3,1484245564000,,)
(,,2.184,8950,3,1484245564000,,)
(,,2.198,8810,4,1484245564001,,)
(,,2.209,9032,4,1484245564001,,)
(,,2.205,8780,4,1484245564001,,)
(,,2.191,8879,4,1484245564001,,)
(,,2.2,9027,4,1484245564001,,)
(,,2.206,8930,4,1484245564001,,)
(,,2.201,10018,5,1484245565001,,)
(,,2.21,10013,5,1484245565001,,)
(,,2.203,9876,5,1484245565001,,)
(,,2.207,9844,5,1484245565001,,)
(,,2.214,9985,5,1484245565001,,)
(,,2.198,9841,5,1484245565001,,)
(,,2.212,9659,6,1484245565002,,)
(,,2.185,10079,6,1484245565002,,)
(,,2.18,9993,6,1484245565002,,)
(,,2.207,7856,25,1484245566000,,)
(,,2.201,8007,26,1484245566000,,)
(,,2.19,8013,26,1484245566001,,)
(,,2.202,8016,26,1484245566001,,)
(,,2.182,7915,26,1484245566001,,)
(,,2.184,7964,26,1484245566001,,)
(,,2.198,8111,26,1484245566001,,)
(,,2.214,7795,27,1484245566001,,)
(,,2.203,7984,26,1484245566001,,)
(,,2.215,8771,25,1484245567001,,)
(,,2.209,8604,25,1484245567001,,)
(,,2.193,8798,25,1484245567001,,)
(,,2.192,8634,25,1484245567001,,)
(,,2.195,8641,25,1484245567001,,)
(,,2.207,8579,25,1484245567001,,)
(,,2.217,8810,26,1484245567002,,)
(,,2.208,8527,26,1484245567002,,)
(,,2.184,8750,26,1484245567002,,)
(,,2.22,8531,3,1484245568000,,)
(,,2.179,8508,3,1484245568000,,)
(,,2.21,8614,3,1484245568000,,)
(,,2.212,8568,4,1484245568001,,)
(,,2.213,8777,4,1484245568001,,)
(,,2.18,8512,4,1484245568001,,)
(,,2.188,8555,4,1484245568001,,)
(,,2.197,8595,4,1484245568001,,)
(,,2.2,8713,4,1484245568001,,)
(,,2.191,8678,31,1484245569001,,)
(,,2.207,8737,31,1484245569001,,)
(,,2.234,8785,31,1484245569001,,)
(,,2.198,8791,31,1484245569001,,)
(,,2.199,8813,31,1484245569001,,)
(,,2.19,8717,31,1484245569001,,)
(,,2.192,8565,31,1484245569001,,)
(,,2.216,8783,31,1484245569001,,)
(,,2.182,8633,32,1484245569002,,)
(,,2.182,8795,48,1484245570000,,)
(,,2.174,8764,48,1484245570000,,)
(,,2.192,8720,48,1484245570000,,)
(,,2.186,8994,48,1484245570000,,)
(,,2.218,8588,48,1484245570000,,)
(,,2.194,8755,48,1484245570000,,)
(,,2.207,8620,49,1484245570001,,)
(,,2.202,8781,49,1484245570001,,)
(,,2.229,8765,49,1484245570001,,)
(,,2.212,8510,66,1484245571000,,)
(,,2.23,8551,66,1484245571000,,)
(,,2.208,8789,66,1484245571000,,)
(,,2.147,8772,67,1484245571001,,)
(,,2.222,8826,67,1484245571001,,)
(,,2.202,8607,67,1484245571001,,)
(,,2.213,8583,67,1484245571001,,)
(,,2.156,8696,67,1484245571001,,)
(,,2.215,8792,67,1484245571001,,)
(,,2.219,8898,6,1484245572001,,)
(,,2.174,8944,6,1484245572001,,)
(,,2.21,9001,6,1484245572001,,)
(,,2.185,8991,6,1484245572001,,)
(,,2.2,9055,6,1484245572001,,)
(,,2.213,9095,7,1484245572002,,)
(,,2.176,8979,7,1484245572002,,)
(,,2.226,9175,7,1484245572002,,)
(,,2.202,9177,7,1484245572002,,)
(,,2.22,8579,5,1484245573000,,)
(,,2.224,8560,6,1484245573001,,)
(,,2.187,8508,6,1484245573001,,)
(,,2.213,8606,6,1484245573001,,)
(,,2.191,8443,6,1484245573001,,)
(,,2.18,8582,6,1484245573001,,)
(,,2.189,8523,6,1484245573001,,)
(,,2.214,8543,6,1484245573001,,)
(,,2.164,8618,7,1484245573002,,)
(,,2.164,9011,4,1484245574000,,)
(,,2.209,9155,4,1484245574000,,)
(,,2.205,9054,4,1484245574000,,)
(,,2.198,8953,4,1484245574000,,)
(,,2.219,8891,5,1484245574001,,)
(,,2.177,9070,5,1484245574001,,)
(,,2.226,9023,5,1484245574001,,)
(,,2.199,9276,5,1484245574001,,)
(,,2.231,8968,5,1484245574001,,)
(,,2.179,7942,27,1484245575001,,)
(,,2.245,8066,26,1484245575001,,)
(,,2.195,8126,26,1484245575001,,)
(,,2.188,8190,26,1484245575001,,)
(,,2.202,8076,26,1484245575001,,)
(,,2.218,8130,26,1484245575001,,)
(,,2.189,8054,27,1484245575002,,)
(,,2.175,8115,28,1484245575002,,)
(,,2.188,8094,28,1484245575002,,)
(,,2.189,7881,23,1484245576000,,)
(,,2.203,7899,23,1484245576000,,)
(,,2.21,7838,24,1484245576001,,)
(,,2.202,7888,24,1484245576001,,)
(,,2.184,7802,24,1484245576001,,)
(,,2.236,7845,24,1484245576001,,)
(,,2.187,7803,24,1484245576001,,)
(,,2.225,7975,24,1484245576001,,)
(,,2.172,7919,24,1484245576001,,)
(,,2.18,8078,36,1484245577000,,)
(,,2.176,8113,36,1484245577000,,)
(,,2.227,8085,36,1484245577000,,)
(,,2.226,8092,36,1484245577000,,)
(,,2.168,8043,37,1484245577001,,)
(,,2.205,7938,37,1484245577001,,)
(,,2.211,7996,37,1484245577001,,)
(,,2.198,8026,37,1484245577001,,)
(,,2.198,7981,37,1484245577001,,)
(,,2.216,8616,19,1484245578001,,)
(,,2.201,8530,20,1484245578002,,)
(,,2.199,8726,20,1484245578002,,)
(,,2.209,8560,20,1484245578002,,)
(,,2.186,8565,20,1484245578002,,)
(,,2.202,8503,20,1484245578002,,)
(,,2.178,8521,21,1484245578003,,)
(,,2.224,8499,21,1484245578003,,)
(,,2.192,8619,21,1484245578003,,)
(,,2.178,8977,33,1484245579000,,)
(,,2.181,8596,34,1484245579001,,)
(,,2.221,8913,34,1484245579001,,)
(,,2.207,8674,34,1484245579001,,)
(,,2.205,8764,34,1484245579001,,)
(,,2.202,8758,34,1484245579001,,)
(,,2.195,8786,34,1484245579001,,)
(,,2.213,8675,35,1484245579002,,)
(,,2.206,8959,35,1484245579002,,)
(,,2.202,9067,7,1484245580000,,)
(,,2.174,8935,7,1484245580000,,)
(,,2.207,8936,7,1484245580000,,)
(,,2.224,9169,8,1484245580001,,)
(,,2.223,9052,8,1484245580001,,)
(,,2.185,9015,8,1484245580001,,)
(,,2.202,9082,8,1484245580001,,)
(,,2.187,8909,8,1484245580001,,)
(,,2.217,8918,8,1484245580001,,)
(,,2.177,8420,5,1484245581001,,)
(,,2.216,8292,5,1484245581001,,)
(,,2.22,8263,5,1484245581001,,)
(,,2.171,8484,5,1484245581001,,)
(,,2.208,8414,5,1484245581001,,)
(,,2.222,8172,6,1484245581002,,)
(,,2.21,8311,6,1484245581002,,)
(,,2.188,8269,6,1484245581002,,)
(,,2.187,8300,6,1484245581002,,)
(,,2.233,8158,1,1484245582000,,)
(,,2.189,8002,2,1484245582001,,)
(,,2.197,8071,2,1484245582001,,)
(,,2.207,8187,2,1484245582001,,)
(,,2.196,7961,2,1484245582001,,)
(,,2.202,7970,2,1484245582001,,)
(,,2.19,7993,2,1484245582001,,)
(,,2.194,8013,2,1484245582001,,)
(,,2.201,8269,3,1484245582002,,)
(,,2.223,9146,33,1484245583000,,)
(,,2.197,9401,33,1484245583000,,)
(,,2.189,9388,33,1484245583000,,)
(,,2.187,9342,33,1484245583000,,)
(,,2.175,9222,34,1484245583001,,)
(,,2.201,9026,34,1484245583001,,)
(,,2.209,9367,34,1484245583001,,)
(,,2.21,9266,34,1484245583001,,)
(,,2.193,9216,34,1484245583001,,)
(,,2.174,9502,23,1484245584000,,)
(,,2.205,9344,24,1484245584001,,)
(,,2.187,9337,24,1484245584001,,)
(,,2.212,9293,24,1484245584001,,)
(,,2.187,9355,24,1484245584001,,)
(,,2.212,9511,24,1484245584001,,)
(,,2.199,9380,24,1484245584001,,)
(,,2.182,9491,24,1484245584001,,)
(,,2.228,9486,25,1484245584002,,)
(,,2.239,9710,2,1484245585000,,)
(,,2.207,9740,3,1484245585000,,)
(,,2.181,9649,2,1484245585000,,)
(,,2.191,9804,3,1484245585000,,)
(,,2.196,9893,4,1484245585001,,)
(,,2.185,9778,4,1484245585001,,)
(,,2.212,9695,3,1484245585001,,)
(,,2.204,9844,3,1484245585001,,)
(,,2.199,9599,3,1484245585001,,)
(,,2.189,9175,1,1484245586000,,)
(,,2.209,9103,2,1484245586001,,)
(,,2.201,9060,2,1484245586001,,)
(,,2.207,9269,2,1484245586001,,)
(,,2.219,9199,2,1484245586001,,)
(,,2.196,9077,2,1484245586001,,)
(,,2.179,9039,3,1484245586002,,)
(,,2.207,9144,3,1484245586002,,)
(,,2.197,9195,3,1484245586002,,)
(,,2.195,9391,35,1484245587000,,)
(,,2.187,9344,36,1484245587001,,)
(,,2.222,9521,36,1484245587001,,)
(,,2.205,9371,36,1484245587001,,)
(,,2.213,9260,37,1484245587001,,)
(,,2.201,9389,36,1484245587001,,)
(,,2.184,9433,37,1484245587001,,)
(,,2.185,9177,36,1484245587001,,)
(,,2.202,9044,36,1484245587001,,)
(,,2.183,9281,6,1484245588000,,)
(,,2.211,9264,6,1484245588000,,)
(,,2.204,9174,6,1484245588000,,)
(,,2.223,9338,6,1484245588000,,)
(,,2.188,9442,6,1484245588000,,)
(,,2.2,9139,7,1484245588001,,)
(,,2.188,9396,7,1484245588001,,)
(,,2.189,9294,7,1484245588001,,)
(,,2.219,9245,7,1484245588001,,)
(,,2.225,7835,5,1484245589000,,)
(,,2.185,7930,6,1484245589001,,)
(,,2.207,7940,6,1484245589001,,)
(,,2.202,7967,6,1484245589001,,)
(,,2.193,8062,6,1484245589001,,)
(,,2.21,7902,6,1484245589001,,)
(,,2.197,7969,6,1484245589001,,)
(,,2.215,7915,6,1484245589001,,)
(,,2.19,8096,6,1484245589001,,)
(,,2.209,8096,45,1484245590000,,)
(,,2.178,8090,45,1484245590000,,)
(,,2.184,7935,45,1484245590000,,)
(,,2.192,8022,45,1484245590000,,)
(,,2.186,8054,45,1484245590000,,)
(,,2.215,8106,46,1484245590001,,)
(,,2.2,7885,46,1484245590001,,)
(,,2.225,8030,46,1484245590001,,)
(,,2.217,8007,46,1484245590001,,)
(,,2.205,7197,23,1484245591000,,)
(,,2.183,7186,23,1484245591000,,)
(,,2.221,7330,24,1484245591001,,)
(,,2.216,7170,24,1484245591001,,)
(,,2.208,7159,24,1484245591001,,)
(,,2.176,7269,24,1484245591001,,)
(,,2.183,7265,24,1484245591001,,)
(,,2.183,7274,24,1484245591001,,)
(,,2.181,7169,24,1484245591001,,)
(,,2.158,8018,91,1484245592000,,)
(,,2.2,8042,174,1484245592083,,)
(,,2.24,8046,174,1484245592083,,)
(,,2.227,8016,174,1484245592083,,)
(,,2.209,8052,175,1484245592084,,)
(,,2.217,7953,175,1484245592084,,)
(,,2.198,8137,175,1484245592084,,)
(,,2.178,8132,175,1484245592084,,)
(,,2.19,8030,175,1484245592084,,)
(,,2.171,8033,8,1484245593000,,)
(,,2.23,8034,9,1484245593001,,)
(,,2.199,7958,9,1484245593001,,)
(,,2.19,7866,9,1484245593001,,)
(,,2.212,8300,9,1484245593001,,)
(,,2.171,8147,9,1484245593001,,)
(,,2.191,8233,10,1484245593002,,)
(,,2.191,8052,10,1484245593002,,)
(,,2.241,8175,10,1484245593002,,)
(,,2.209,8496,12,1484245594000,,)
(,,2.166,8400,12,1484245594000,,)
(,,2.213,8361,13,1484245594001,,)
(,,2.218,8464,13,1484245594001,,)
(,,2.195,8463,13,1484245594001,,)
(,,2.179,8501,13,1484245594001,,)
(,,2.19,8507,13,1484245594001,,)
(,,2.215,8350,13,1484245594001,,)
(,,2.222,8628,13,1484245594001,,)
(,,2.218,8185,5,1484245595001,,)
(,,2.191,8129,5,1484245595001,,)
(,,2.208,8162,6,1484245595001,,)
(,,2.21,8123,5,1484245595001,,)
(,,2.151,8149,5,1484245595001,,)
(,,2.177,8151,6,1484245595002,,)
(,,2.216,8163,6,1484245595002,,)
(,,2.212,8141,6,1484245595002,,)
(,,2.215,8199,6,1484245595002,,)
(,,2.197,7743,33,1484245596000,,)
(,,2.2,7805,34,1484245596001,,)
(,,2.23,7876,34,1484245596001,,)
(,,2.231,7732,34,1484245596001,,)
(,,2.198,7958,34,1484245596001,,)
(,,2.191,7744,34,1484245596001,,)
(,,2.196,7792,34,1484245596001,,)
(,,2.191,7805,34,1484245596001,,)
(,,2.169,7746,35,1484245596002,,)
(,,2.217,8512,11,1484245597000,,)
(,,2.188,8674,11,1484245597000,,)
(,,2.208,8643,11,1484245597000,,)
(,,2.198,8728,11,1484245597000,,)
(,,2.198,8447,12,1484245597001,,)
(,,2.199,8574,12,1484245597001,,)
(,,2.202,8671,12,1484245597001,,)
(,,2.2,8799,12,1484245597001,,)
(,,2.19,8770,12,1484245597001,,)
(,,2.163,8355,7,1484245598001,,)
(,,2.221,8289,7,1484245598001,,)
(,,2.245,8363,7,1484245598001,,)
(,,2.167,8250,7,1484245598001,,)
(,,2.203,8372,7,1484245598001,,)
(,,2.226,8441,8,1484245598002,,)
(,,2.198,8414,8,1484245598002,,)
(,,2.193,8399,8,1484245598002,,)
(,,2.188,8463,8,1484245598002,,)
(,,2.171,7668,51,1484245599000,,)
(,,2.226,7633,52,1484245599001,,)
(,,2.183,7671,52,1484245599001,,)
(,,2.241,7518,52,1484245599001,,)
(,,2.176,7582,52,1484245599001,,)
(,,2.191,7612,53,1484245599002,,)
(,,2.24,7651,53,1484245599002,,)
(,,2.196,7528,53,1484245599002,,)
(,,2.193,7672,53,1484245599002,,)
(,,2.2,8076,99,1484245600000,,)
(,,2.209,8055,100,1484245600001,,)
(,,2.195,7899,100,1484245600001,,)
(,,2.186,7825,100,1484245600001,,)
(,,2.205,7896,100,1484245600001,,)
(,,2.192,8052,100,1484245600001,,)
(,,2.209,7797,101,1484245600002,,)
(,,2.205,7949,101,1484245600002,,)
(,,2.18,8070,101,1484245600002,,)
(,,2.234,8152,7,1484245601000,,)
(,,2.18,8343,9,1484245601001,,)
(,,2.21,8146,8,1484245601001,,)
(,,2.161,8161,9,1484245601001,,)
(,,2.186,8169,8,1484245601001,,)
(,,2.193,8247,8,1484245601001,,)
(,,2.218,8134,9,1484245601002,,)
(,,2.224,8169,9,1484245601002,,)
(,,2.204,8120,9,1484245601002,,)
(,,2.178,8481,3,1484245602000,,)
(,,2.214,8451,4,1484245602001,,)
(,,2.22,8268,4,1484245602001,,)
(,,2.182,8570,4,1484245602001,,)
(,,2.218,8485,4,1484245602001,,)
(,,2.2,8584,4,1484245602001,,)
(,,2.194,8408,4,1484245602001,,)
(,,2.196,8597,4,1484245602001,,)
(,,2.196,8380,4,1484245602001,,)
(,,2.2,9387,33,1484245603000,,)
(,,2.214,9180,33,1484245603000,,)
(,,2.222,9208,33,1484245603000,,)
(,,2.229,9242,33,1484245603000,,)
(,,2.171,9223,33,1484245603000,,)
(,,2.199,9223,33,1484245603000,,)
(,,2.202,9383,34,1484245603001,,)
(,,2.198,9286,34,1484245603001,,)
(,,2.161,9342,34,1484245603001,,)
(,,2.225,8776,46,1484245604000,,)
(,,2.179,8808,46,1484245604000,,)
(,,2.216,8907,46,1484245604000,,)
(,,2.182,8792,47,1484245604001,,)
(,,2.2,8653,47,1484245604001,,)
(,,2.176,8723,47,1484245604001,,)
(,,2.202,8695,47,1484245604001,,)
(,,2.217,8635,47,1484245604001,,)
(,,2.221,8666,47,1484245604001,,)
(,,2.188,8517,5,1484245605001,,)
(,,2.194,8388,5,1484245605001,,)
(,,2.206,8623,5,1484245605001,,)
(,,2.192,8385,5,1484245605001,,)
(,,2.193,8454,5,1484245605001,,)
(,,2.19,8444,6,1484245605002,,)
(,,2.202,8362,6,1484245605002,,)
(,,2.218,8486,6,1484245605002,,)
(,,2.194,8504,6,1484245605002,,)
(,,2.202,8465,6,1484245606000,,)
(,,2.191,8433,7,1484245606001,,)
(,,2.205,8433,7,1484245606001,,)
(,,2.208,8378,7,1484245606001,,)
(,,2.223,8459,7,1484245606001,,)
(,,2.18,8499,7,1484245606001,,)
(,,2.205,8444,7,1484245606001,,)
(,,2.208,8366,8,1484245606002,,)
(,,2.192,8577,8,1484245606002,,)
(,,2.215,9132,9,1484245607000,,)
(,,2.19,9199,9,1484245607000,,)
(,,2.204,9002,10,1484245607001,,)
(,,2.193,8903,10,1484245607001,,)
(,,2.171,9046,10,1484245607001,,)
(,,2.148,8950,10,1484245607001,,)
(,,2.206,9288,10,1484245607001,,)
(,,2.215,9235,10,1484245607001,,)
(,,2.239,9126,10,1484245607001,,)
(,,2.191,8209,8,1484245608001,,)
(,,2.207,8269,8,1484245608001,,)
(,,2.174,8181,8,1484245608001,,)
(,,2.197,8114,8,1484245608001,,)
(,,2.209,8116,7,1484245608001,,)
(,,2.2,8103,8,1484245608002,,)
(,,2.195,8007,8,1484245608002,,)
(,,2.228,8213,9,1484245608002,,)
(,,2.205,8117,9,1484245608002,,)
(,,2.221,8622,4,1484245609000,,)
(,,2.186,8589,5,1484245609001,,)
(,,2.183,8529,6,1484245609001,,)
(,,2.174,8592,5,1484245609001,,)
(,,2.179,8642,6,1484245609001,,)
(,,2.215,8664,6,1484245609001,,)
(,,2.211,8493,5,1484245609001,,)
(,,2.228,8710,5,1484245609001,,)
(,,2.21,8616,6,1484245609002,,)
(,,2.177,9380,67,1484245610000,,)
(,,2.176,9302,67,1484245610000,,)
(,,2.214,9441,67,1484245610000,,)
(,,2.201,9333,67,1484245610000,,)
(,,2.207,9368,68,1484245610001,,)
(,,2.17,9464,68,1484245610001,,)
(,,2.233,9352,68,1484245610001,,)
(,,2.221,9395,68,1484245610001,,)
(,,2.218,9230,68,1484245610001,,)
(,,2.198,8087,2,1484245611001,,)
(,,2.21,8252,2,1484245611001,,)
(,,2.191,8250,2,1484245611001,,)
(,,2.215,8123,2,1484245611001,,)
(,,2.164,8150,2,1484245611001,,)
(,,2.203,8269,3,1484245611002,,)
(,,2.238,8075,3,1484245611002,,)
(,,2.204,8222,3,1484245611002,,)
(,,2.182,8223,3,1484245611002,,)
(,,2.171,9167,16,1484245612001,,)
(,,2.205,9001,16,1484245612001,,)
(,,2.206,8995,16,1484245612001,,)
(,,2.201,9197,16,1484245612001,,)
(,,2.213,9097,16,1484245612001,,)
(,,2.193,9122,16,1484245612001,,)
(,,2.194,9148,17,1484245612002,,)
(,,2.22,8937,17,1484245612002,,)
(,,2.185,9039,17,1484245612002,,)
(,,2.204,8731,4,1484245613000,,)
(,,2.212,8810,5,1484245613001,,)
(,,2.175,8710,5,1484245613001,,)
(,,2.218,8612,5,1484245613001,,)
(,,2.2,8875,5,1484245613001,,)
(,,2.18,8899,5,1484245613001,,)
(,,2.189,8704,5,1484245613001,,)
(,,2.202,8840,5,1484245613001,,)
(,,2.221,8958,6,1484245613002,,)
(,,2.164,8732,3,1484245614000,,)
(,,2.234,8760,4,1484245614000,,)
(,,2.178,8693,3,1484245614000,,)
(,,2.195,8665,4,1484245614000,,)
(,,2.206,8641,4,1484245614001,,)
(,,2.192,8661,5,1484245614001,,)
(,,2.207,8627,4,1484245614001,,)
(,,2.2,8678,5,1484245614001,,)
(,,2.209,8614,4,1484245614001,,)
(,,2.197,7945,74,1484245615000,,)
(,,2.203,7990,75,1484245615001,,)
(,,2.163,7825,75,1484245615001,,)
(,,2.197,8073,75,1484245615001,,)
(,,2.212,7994,75,1484245615001,,)
(,,2.214,7977,75,1484245615001,,)
(,,2.233,8085,75,1484245615001,,)
(,,2.212,7809,76,1484245615002,,)
(,,2.191,7797,76,1484245615002,,)
(,,2.172,8029,6,1484245616000,,)
(,,2.174,8085,6,1484245616000,,)
(,,2.215,7973,7,1484245616001,,)
(,,2.21,8029,7,1484245616001,,)
(,,2.23,7994,7,1484245616001,,)
(,,2.201,7914,7,1484245616001,,)
(,,2.223,7999,7,1484245616001,,)
(,,2.192,8010,7,1484245616001,,)
(,,2.172,7902,8,1484245616002,,)
(,,2.22,7961,43,1484245617000,,)
(,,2.179,7977,43,1484245617000,,)
(,,2.176,7828,43,1484245617000,,)
(,,2.209,7735,44,1484245617001,,)
(,,2.202,7932,44,1484245617001,,)
(,,2.165,7963,44,1484245617001,,)
(,,2.195,8011,44,1484245617001,,)
(,,2.22,7959,44,1484245617001,,)
(,,2.234,7915,44,1484245617001,,)
(,,2.191,8287,2,1484245618000,,)
(,,2.229,8338,3,1484245618001,,)
(,,2.157,8431,3,1484245618001,,)
(,,2.242,8376,3,1484245618001,,)
(,,2.217,8229,3,1484245618001,,)
(,,2.181,8353,3,1484245618001,,)
(,,2.166,8245,3,1484245618001,,)
(,,2.215,8252,4,1484245618002,,)
(,,2.207,8320,4,1484245618002,,)
(,,2.206,8330,14,1484245619000,,)
(,,2.217,8245,13,1484245619000,,)
(,,2.186,8308,14,1484245619000,,)
(,,2.193,8221,14,1484245619001,,)
(,,2.194,8408,14,1484245619001,,)
(,,2.216,8184,14,1484245619001,,)
(,,2.199,8319,15,1484245619001,,)
(,,2.179,8312,14,1484245619001,,)
(,,2.204,8243,15,1484245619001,,)
(,,2.2,7848,4,1484245620001,,)
(,,2.2,7825,4,1484245620001,,)
(,,2.237,7905,4,1484245620001,,)
(,,2.214,7739,4,1484245620001,,)
(,,2.187,7924,5,1484245620001,,)
(,,2.207,7829,5,1484245620002,,)
(,,2.194,7726,5,1484245620002,,)
(,,2.205,7711,5,1484245620002,,)
(,,2.191,7941,5,1484245620002,,)
(,,2.193,7369,28,1484245621000,,)
(,,2.216,7492,29,1484245621001,,)
(,,2.177,7425,29,1484245621001,,)
(,,2.195,7312,29,1484245621001,,)
(,,2.186,7273,29,1484245621001,,)
(,,2.187,7214,29,1484245621001,,)
(,,2.178,7212,29,1484245621001,,)
(,,2.221,7345,29,1484245621001,,)
(,,2.204,7272,29,1484245621001,,)
(,,2.229,7834,2,1484245622000,,)
(,,2.208,7855,77,1484245622075,,)
(,,2.21,7983,77,1484245622075,,)
(,,2.189,8016,77,1484245622075,,)
(,,2.2,7909,77,1484245622075,,)
(,,2.196,7758,77,1484245622075,,)
(,,2.177,7880,78,1484245622076,,)
(,,2.216,7847,78,1484245622076,,)
(,,2.196,7808,78,1484245622076,,)
(,,2.201,7470,1,1484245623000,,)
(,,2.204,7713,2,1484245623001,,)
(,,2.195,7558,2,1484245623001,,)
(,,2.188,7584,2,1484245623001,,)
(,,2.195,7631,2,1484245623001,,)
(,,2.216,7645,2,1484245623001,,)
(,,2.201,7535,3,1484245623002,,)
(,,2.211,7763,3,1484245623002,,)
(,,2.18,7626,3,1484245623002,,)
(,,2.177,8419,8,1484245624000,,)
(,,2.211,8355,9,1484245624001,,)
(,,2.225,8248,9,1484245624001,,)
(,,2.159,8469,9,1484245624001,,)
(,,2.219,8327,9,1484245624001,,)
(,,2.215,8429,9,1484245624001,,)
(,,2.2,8214,9,1484245624001,,)
(,,2.217,8216,9,1484245624001,,)
(,,2.181,8368,9,1484245624001,,)
(,,2.227,9004,3,1484245625000,,)
(,,2.204,9047,4,1484245625001,,)
(,,2.177,8953,4,1484245625001,,)
(,,2.191,9052,4,1484245625001,,)
(,,2.195,9106,4,1484245625001,,)
(,,2.187,9096,4,1484245625001,,)
(,,2.201,9116,4,1484245625001,,)
(,,2.185,8935,4,1484245625001,,)
(,,2.223,8883,4,1484245625001,,)
(,,2.179,8434,26,1484245626000,,)
(,,2.206,8392,28,1484245626001,,)
(,,2.234,8473,28,1484245626001,,)
(,,2.194,8470,28,1484245626001,,)
(,,2.221,8526,28,1484245626001,,)
(,,2.196,8436,28,1484245626001,,)
(,,2.224,8564,27,1484245626001,,)
(,,2.196,8418,29,1484245626002,,)
(,,2.164,8335,28,1484245626002,,)
(,,2.191,9362,32,1484245627000,,)
(,,2.212,9300,32,1484245627000,,)
(,,2.221,9377,32,1484245627000,,)
(,,2.186,9378,33,1484245627000,,)
(,,2.176,9373,32,1484245627000,,)
(,,2.213,9521,33,1484245627001,,)
(,,2.198,9463,33,1484245627001,,)
(,,2.196,9319,33,1484245627001,,)
(,,2.208,9550,33,1484245627001,,)
(,,2.193,9389,36,1484245628000,,)
(,,2.193,9498,36,1484245628000,,)
(,,2.153,9348,36,1484245628000,,)
(,,2.218,9369,37,1484245628001,,)
(,,2.2,9422,37,1484245628001,,)
(,,2.212,9503,37,1484245628001,,)
(,,2.206,9392,37,1484245628001,,)
(,,2.217,9369,37,1484245628001,,)
(,,2.214,9332,37,1484245628001,,)
(,,2.209,9322,20,1484245629000,,)
(,,2.198,9386,20,1484245629000,,)
(,,2.169,9347,21,1484245629001,,)
(,,2.216,9419,21,1484245629001,,)
(,,2.201,9324,21,1484245629001,,)
(,,2.217,9398,21,1484245629001,,)
(,,2.195,9444,21,1484245629001,,)
(,,2.177,9408,21,1484245629001,,)
(,,2.204,9216,21,1484245629001,,)
(,,2.238,9465,31,1484245630001,,)
(,,2.223,9424,31,1484245630001,,)
(,,2.202,9357,31,1484245630001,,)
(,,2.21,9457,32,1484245630002,,)
(,,2.2,9409,32,1484245630002,,)
(,,2.196,9458,31,1484245630002,,)
(,,2.183,9361,32,1484245630002,,)
(,,2.191,9472,32,1484245630002,,)
(,,2.187,9572,32,1484245630002,,)
(,,2.211,9493,36,1484245631000,,)
(,,2.189,9417,36,1484245631000,,)
(,,2.195,9241,36,1484245631000,,)
(,,2.205,9283,36,1484245631000,,)
(,,2.161,9366,37,1484245631000,,)
(,,2.208,9468,37,1484245631000,,)
(,,2.19,9479,38,1484245631001,,)
(,,2.192,9387,37,1484245631001,,)
(,,2.223,9498,38,1484245631001,,)
(,,2.201,9991,18,1484245632000,,)
(,,2.208,10092,18,1484245632000,,)
(,,2.207,10022,18,1484245632000,,)
(,,2.211,10116,18,1484245632000,,)
(,,2.176,10295,18,1484245632000,,)
(,,2.24,10119,18,1484245632000,,)
(,,2.202,10102,19,1484245632001,,)
(,,2.211,10212,19,1484245632001,,)
(,,2.171,10178,19,1484245632001,,)
(,,2.226,9975,6,1484245633000,,)
(,,2.194,10023,6,1484245633000,,)
(,,2.191,10085,6,1484245633000,,)
(,,2.147,10093,6,1484245633000,,)
(,,2.198,9983,6,1484245633000,,)
(,,2.233,10086,7,1484245633001,,)
(,,2.207,10181,7,1484245633001,,)
(,,2.201,10156,7,1484245633001,,)
(,,2.188,9953,7,1484245633001,,)
(,,2.204,10514,4,1484245634000,,)
(,,2.184,10300,4,1484245634000,,)
(,,2.204,10464,4,1484245634000,,)
(,,2.191,10775,4,1484245634000,,)
(,,2.193,10392,4,1484245634000,,)
(,,2.206,10812,4,1484245634000,,)
(,,2.197,10526,5,1484245634001,,)
(,,2.208,10448,5,1484245634001,,)
(,,2.216,10351,5,1484245634001,,)
(,,2.185,10440,15,1484245635000,,)
(,,2.23,10439,15,1484245635000,,)
(,,2.232,10573,15,1484245635000,,)
(,,2.171,10302,15,1484245635000,,)
(,,2.205,10522,15,1484245635000,,)
(,,2.227,10598,15,1484245635000,,)
(,,2.193,10430,15,1484245635000,,)
(,,2.195,10515,16,1484245635001,,)
(,,2.16,10443,16,1484245635001,,)
(,,2.214,9250,7,1484245636000,,)
(,,2.186,9466,7,1484245636000,,)
(,,2.21,9148,7,1484245636000,,)
(,,2.2,9325,7,1484245636000,,)
(,,2.18,9336,8,1484245636001,,)
(,,2.219,9414,8,1484245636001,,)
(,,2.199,9359,8,1484245636001,,)
(,,2.176,9267,8,1484245636001,,)
(,,2.194,9328,8,1484245636001,,)
(,,2.19,8285,5,1484245637000,,)
(,,2.208,8607,5,1484245637000,,)
(,,2.193,8397,5,1484245637000,,)
(,,2.189,8477,5,1484245637000,,)
(,,2.188,8358,6,1484245637001,,)
(,,2.225,8475,6,1484245637001,,)
(,,2.207,8360,6,1484245637001,,)
(,,2.211,8428,6,1484245637001,,)
(,,2.201,8533,6,1484245637001,,)
(,,2.224,8233,13,1484245638001,,)
(,,2.194,8288,13,1484245638001,,)
(,,2.187,8245,13,1484245638001,,)
(,,2.199,8247,13,1484245638001,,)
(,,2.223,8238,13,1484245638001,,)
(,,2.181,8278,13,1484245638001,,)
(,,2.176,8204,13,1484245638001,,)
(,,2.205,8383,13,1484245638001,,)
(,,2.21,8175,13,1484245638001,,)
(,,2.16,8945,2,1484245639000,,)
(,,2.193,8883,2,1484245639000,,)
(,,2.197,8905,2,1484245639000,,)
(,,2.206,9001,2,1484245639000,,)
(,,2.22,8998,2,1484245639000,,)
(,,2.216,8894,2,1484245639000,,)
(,,2.218,9008,2,1484245639000,,)
(,,2.192,8996,2,1484245639000,,)
(,,2.221,8765,4,1484245639001,,)
(,,2.198,9890,4,1484245640000,,)
(,,2.179,9545,5,1484245640000,,)
(,,2.205,9832,4,1484245640000,,)
(,,2.189,9840,4,1484245640000,,)
(,,2.22,9591,5,1484245640001,,)
(,,2.209,9807,5,1484245640001,,)
(,,2.208,9900,5,1484245640001,,)
(,,2.19,9975,5,1484245640001,,)
(,,2.204,9801,6,1484245640001,,)
(,,2.181,9536,24,1484245641000,,)
(,,2.218,9588,25,1484245641001,,)
(,,2.221,9548,25,1484245641001,,)
(,,2.207,9446,25,1484245641001,,)
(,,2.179,9741,25,1484245641001,,)
(,,2.182,9532,25,1484245641001,,)
(,,2.192,9755,25,1484245641001,,)
(,,2.198,9701,25,1484245641001,,)
(,,2.212,9725,25,1484245641001,,)
(,,2.158,8160,9,1484245642001,,)
(,,2.196,7964,9,1484245642001,,)
(,,2.235,7831,9,1484245642001,,)
(,,2.204,7948,9,1484245642001,,)
(,,2.164,7898,9,1484245642001,,)
(,,2.224,8103,9,1484245642001,,)
(,,2.224,7951,10,1484245642002,,)
(,,2.197,8062,10,1484245642002,,)
(,,2.2,8011,10,1484245642002,,)
(,,2.208,7840,20,1484245643000,,)
(,,2.203,8083,20,1484245643000,,)
(,,2.194,7869,21,1484245643001,,)
(,,2.184,8074,22,1484245643001,,)
(,,2.181,7859,21,1484245643001,,)
(,,2.226,7974,21,1484245643001,,)
(,,2.207,7939,21,1484245643001,,)
(,,2.19,7782,21,1484245643001,,)
(,,2.204,7851,22,1484245643002,,)
(,,2.212,9368,26,1484245644000,,)
(,,2.194,9475,26,1484245644000,,)
(,,2.217,9412,26,1484245644000,,)
(,,2.213,9481,27,1484245644001,,)
(,,2.197,9252,27,1484245644001,,)
(,,2.197,9453,27,1484245644001,,)
(,,2.205,9291,27,1484245644001,,)
(,,2.197,9497,27,1484245644001,,)
(,,2.205,9399,27,1484245644001,,)
(,,2.225,8581,7,1484245645001,,)
(,,2.209,8768,7,1484245645001,,)
(,,2.192,8580,7,1484245645001,,)
(,,2.207,8649,7,1484245645001,,)
(,,2.165,8484,7,1484245645001,,)
(,,2.195,8686,7,1484245645001,,)
(,,2.184,8520,7,1484245645001,,)
(,,2.216,8523,7,1484245645001,,)
(,,2.208,8661,8,1484245645002,,)
(,,2.224,9221,5,1484245646000,,)
(,,2.161,9192,5,1484245646000,,)
(,,2.202,9232,5,1484245646000,,)
(,,2.208,9410,5,1484245646000,,)
(,,2.206,9529,5,1484245646000,,)
(,,2.187,9271,6,1484245646001,,)
(,,2.181,9171,6,1484245646001,,)
(,,2.202,9243,6,1484245646001,,)
(,,2.203,9267,6,1484245646001,,)
(,,2.213,9915,4,1484245647000,,)
(,,2.223,9947,4,1484245647000,,)
(,,2.222,10192,5,1484245647001,,)
(,,2.198,9941,5,1484245647001,,)
(,,2.197,9829,5,1484245647001,,)
(,,2.19,9921,5,1484245647001,,)
(,,2.192,9951,5,1484245647001,,)
(,,2.194,9991,5,1484245647001,,)
(,,2.197,9920,5,1484245647001,,)
(,,2.214,9015,4,1484245648000,,)
(,,2.215,8895,5,1484245648001,,)
(,,2.209,9036,5,1484245648001,,)
(,,2.175,9191,5,1484245648001,,)
(,,2.197,9054,5,1484245648001,,)
(,,2.176,9085,5,1484245648001,,)
(,,2.213,9081,5,1484245648001,,)
(,,2.193,9027,5,1484245648001,,)
(,,2.185,8999,6,1484245648002,,)
(,,2.176,7418,2,1484245649000,,)
(,,2.189,7479,2,1484245649000,,)
(,,2.229,7433,2,1484245649000,,)
(,,2.203,7446,2,1484245649000,,)
(,,2.219,7262,3,1484245649001,,)
(,,2.203,7262,3,1484245649001,,)
(,,2.216,7317,3,1484245649001,,)
(,,2.204,7310,3,1484245649001,,)
(,,2.176,7240,4,1484245649001,,)
(,,2.201,7414,2,1484245650001,,)
(,,2.199,7341,2,1484245650001,,)
(,,2.191,7396,2,1484245650001,,)
(,,2.198,7314,2,1484245650001,,)
(,,2.209,7237,2,1484245650001,,)
(,,2.192,7301,2,1484245650001,,)
(,,2.189,7349,2,1484245650001,,)
(,,2.21,7340,4,1484245650002,,)
(,,2.18,7461,3,1484245650002,,)
(,,2.236,8725,1,1484245651000,,)
(,,2.181,8730,1,1484245651000,,)
(,,2.188,8773,1,1484245651000,,)
(,,2.202,8700,1,1484245651000,,)
(,,2.214,8704,2,1484245651001,,)
(,,2.213,8879,2,1484245651001,,)
(,,2.211,8938,2,1484245651001,,)
(,,2.184,8867,2,1484245651001,,)
(,,2.184,8803,2,1484245651001,,)
(,,2.214,8269,2,1484245652000,,)
(,,2.222,8275,92,1484245652090,,)
(,,2.222,8171,93,1484245652091,,)
(,,2.166,8230,93,1484245652091,,)
(,,2.185,8321,93,1484245652091,,)
(,,2.189,8374,93,1484245652091,,)
(,,2.196,8357,93,1484245652091,,)
(,,2.188,8388,93,1484245652091,,)
(,,2.213,8238,93,1484245652091,,)
(,,2.201,8522,28,1484245653001,,)
(,,2.2,8609,27,1484245653001,,)
(,,2.239,8771,28,1484245653001,,)
(,,2.182,8751,27,1484245653001,,)
(,,2.191,8588,27,1484245653001,,)
(,,2.217,8638,27,1484245653001,,)
(,,2.193,8716,28,1484245653002,,)
(,,2.198,8755,28,1484245653002,,)
(,,2.194,8755,28,1484245653002,,)
(,,2.184,8385,5,1484245654000,,)
(,,2.209,8354,5,1484245654000,,)
(,,2.199,8565,5,1484245654000,,)
(,,2.207,8549,6,1484245654001,,)
(,,2.205,8424,6,1484245654001,,)
(,,2.207,8471,6,1484245654001,,)
(,,2.19,8369,6,1484245654001,,)
(,,2.204,8440,6,1484245654001,,)
(,,2.188,8417,6,1484245654001,,)
(,,2.204,8546,6,1484245655000,,)
(,,2.205,8512,7,1484245655001,,)
(,,2.202,8457,7,1484245655001,,)
(,,2.215,8492,7,1484245655001,,)
(,,2.206,8445,7,1484245655001,,)
(,,2.181,8570,7,1484245655001,,)
(,,2.216,8643,7,1484245655001,,)
(,,2.179,8685,7,1484245655001,,)
(,,2.206,8451,7,1484245655001,,)
(,,2.2,8366,23,1484245656001,,)
(,,2.196,8188,23,1484245656001,,)
(,,2.183,8437,23,1484245656001,,)
(,,2.215,8323,23,1484245656001,,)
(,,2.182,8310,23,1484245656001,,)
(,,2.185,8373,23,1484245656001,,)
(,,2.19,8432,23,1484245656001,,)
(,,2.215,8291,23,1484245656001,,)
(,,2.228,8358,24,1484245656002,,)
(,,2.186,8837,9,1484245657000,,)
(,,2.202,8962,9,1484245657000,,)
(,,2.199,8727,9,1484245657000,,)
(,,2.226,8795,9,1484245657000,,)
(,,2.18,8905,10,1484245657001,,)
(,,2.203,8763,10,1484245657001,,)
(,,2.202,8940,10,1484245657001,,)
(,,2.213,8668,10,1484245657001,,)
(,,2.212,8876,10,1484245657001,,)
(,,2.18,7897,9,1484245658000,,)
(,,2.204,7696,10,1484245658001,,)
(,,2.208,7883,10,1484245658001,,)
(,,2.199,8031,10,1484245658001,,)
(,,2.194,7964,10,1484245658001,,)
(,,2.218,8047,10,1484245658001,,)
(,,2.213,7843,10,1484245658001,,)
(,,2.206,7906,10,1484245658001,,)
(,,2.163,8006,10,1484245658001,,)
(,,2.209,8289,5,1484245659001,,)
(,,2.225,8465,5,1484245659001,,)
(,,2.202,8298,5,1484245659001,,)
(,,2.196,8444,5,1484245659001,,)
(,,2.2,8370,5,1484245659001,,)
(,,2.193,8279,5,1484245659001,,)
(,,2.177,8313,5,1484245659001,,)
(,,2.192,8472,5,1484245659001,,)
(,,2.22,8307,6,1484245659002,,)
(,,2.189,8118,7,1484245660000,,)
(,,2.207,8246,7,1484245660000,,)
(,,2.203,8105,7,1484245660000,,)
(,,2.201,8100,7,1484245660000,,)
(,,2.181,8253,8,1484245660001,,)
(,,2.188,8108,8,1484245660001,,)
(,,2.228,8096,8,1484245660001,,)
(,,2.194,8258,8,1484245660001,,)
(,,2.193,8178,8,1484245660001,,)
(,,2.193,9372,7,1484245661000,,)
(,,2.19,9399,8,1484245661001,,)
(,,2.216,9331,8,1484245661001,,)
(,,2.177,9452,8,1484245661001,,)
(,,2.227,9561,8,1484245661001,,)
(,,2.192,9342,8,1484245661001,,)
(,,2.191,9263,8,1484245661001,,)
(,,2.198,9305,8,1484245661001,,)
(,,2.217,9497,8,1484245661001,,)
(,,2.19,9318,19,1484245662000,,)
(,,2.196,9471,19,1484245662000,,)
(,,2.202,9314,19,1484245662000,,)
(,,2.254,9419,19,1484245662000,,)
(,,2.191,9322,19,1484245662000,,)
(,,2.168,9561,20,1484245662001,,)
(,,2.196,9282,20,1484245662001,,)
(,,2.206,9555,20,1484245662001,,)
(,,2.19,9276,20,1484245662001,,)
(,,2.184,8467,5,1484245663000,,)
(,,2.194,8534,5,1484245663000,,)
(,,2.217,8541,6,1484245663001,,)
(,,2.186,8517,6,1484245663001,,)
(,,2.189,8500,6,1484245663001,,)
(,,2.214,8620,6,1484245663001,,)
(,,2.207,8447,6,1484245663001,,)
(,,2.203,8435,6,1484245663001,,)
(,,2.195,8495,6,1484245663001,,)
(,,2.219,9759,31,1484245664000,,)
(,,2.171,9455,31,1484245664000,,)
(,,2.221,9604,31,1484245664000,,)
(,,2.191,9511,31,1484245664000,,)
(,,2.179,9771,32,1484245664001,,)
(,,2.198,9656,32,1484245664001,,)
(,,2.222,9503,32,1484245664001,,)
(,,2.216,9630,32,1484245664001,,)
(,,2.206,9506,32,1484245664001,,)
(,,2.198,9462,45,1484245665001,,)
(,,2.223,9501,45,1484245665001,,)
(,,2.206,9558,45,1484245665001,,)
(,,2.188,9295,45,1484245665001,,)
(,,2.187,9494,45,1484245665001,,)
(,,2.189,9344,46,1484245665002,,)
(,,2.199,9282,46,1484245665002,,)
(,,2.208,9448,46,1484245665002,,)
(,,2.192,9222,46,1484245665002,,)
(,,2.219,9083,6,1484245666001,,)
(,,2.21,8931,6,1484245666001,,)
(,,2.184,9187,6,1484245666001,,)
(,,2.172,9029,6,1484245666001,,)
(,,2.182,9000,6,1484245666001,,)
(,,2.196,9188,7,1484245666002,,)
(,,2.209,8976,7,1484245666002,,)
(,,2.216,9088,7,1484245666002,,)
(,,2.211,9056,7,1484245666002,,)
(,,2.201,9013,14,1484245667000,,)
(,,2.203,9019,15,1484245667001,,)
(,,2.241,8948,15,1484245667001,,)
(,,2.218,9147,15,1484245667001,,)
(,,2.179,8987,15,1484245667001,,)
(,,2.178,8949,15,1484245667001,,)
(,,2.196,9057,15,1484245667001,,)
(,,2.205,8833,15,1484245667001,,)
(,,2.204,9259,16,1484245667002,,)
(,,2.172,9673,8,1484245668000,,)
(,,2.209,9523,8,1484245668000,,)
(,,2.206,9599,8,1484245668000,,)
(,,2.15,9451,9,1484245668001,,)
(,,2.221,9573,9,1484245668001,,)
(,,2.219,9431,9,1484245668001,,)
(,,2.187,9339,9,1484245668001,,)
(,,2.218,9707,9,1484245668001,,)
(,,2.206,9558,9,1484245668001,,)
(,,2.206,9885,2,1484245669000,,)
(,,2.21,9876,2,1484245669000,,)
(,,2.23,9775,2,1484245669000,,)
(,,2.189,9877,2,1484245669000,,)
(,,2.2,9891,3,1484245669001,,)
(,,2.184,9892,3,1484245669001,,)
(,,2.181,9957,3,1484245669001,,)
(,,2.208,9951,3,1484245669001,,)
(,,2.208,9864,3,1484245669001,,)
(,,2.215,10000,3,1484245670000,,)
(,,2.179,10070,4,1484245670001,,)
(,,2.213,10059,4,1484245670001,,)
(,,2.221,10051,4,1484245670001,,)
(,,2.182,10129,4,1484245670001,,)
(,,2.192,9951,4,1484245670001,,)
(,,2.199,9867,4,1484245670001,,)
(,,2.179,9942,5,1484245670002,,)
(,,2.188,10053,5,1484245670002,,)
(,,2.202,9012,26,1484245671000,,)
(,,2.208,8905,26,1484245671000,,)
(,,2.215,8922,26,1484245671000,,)
(,,2.219,8872,27,1484245671001,,)
(,,2.209,8836,27,1484245671001,,)
(,,2.185,8861,27,1484245671001,,)
(,,2.211,8905,27,1484245671001,,)
(,,2.204,8662,27,1484245671001,,)
(,,2.169,9081,27,1484245671001,,)
(,,2.209,9385,7,1484245672001,,)
(,,2.196,9411,7,1484245672001,,)
(,,2.168,9601,7,1484245672001,,)
(,,2.217,9306,7,1484245672001,,)
(,,2.222,9481,8,1484245672002,,)
(,,2.193,9428,8,1484245672002,,)
(,,2.198,9297,8,1484245672002,,)
(,,2.192,9403,8,1484245672002,,)
(,,2.196,9505,8,1484245672002,,)
(,,2.166,9220,3,1484245673000,,)
(,,2.188,9030,3,1484245673000,,)
(,,2.187,8832,3,1484245673000,,)
(,,2.226,9074,3,1484245673000,,)
(,,2.19,8923,4,1484245673001,,)
(,,2.22,9014,4,1484245673001,,)
(,,2.236,8891,4,1484245673001,,)
(,,2.227,8924,4,1484245673001,,)
(,,2.158,9148,4,1484245673001,,)
(,,2.203,8918,31,1484245674001,,)
(,,2.24,9046,31,1484245674001,,)
(,,2.178,9143,31,1484245674001,,)
(,,2.207,9034,31,1484245674001,,)
(,,2.212,9097,31,1484245674001,,)
(,,2.207,9122,32,1484245674002,,)
(,,2.194,9030,32,1484245674002,,)
(,,2.197,8999,32,1484245674002,,)
(,,2.177,9101,32,1484245674002,,)
(,,2.188,7936,3,1484245675000,,)
(,,2.157,8016,4,1484245675001,,)
(,,2.213,7923,4,1484245675001,,)
(,,2.204,7913,4,1484245675001,,)
(,,2.186,7981,4,1484245675001,,)
(,,2.192,8062,5,1484245675002,,)
(,,2.198,7948,5,1484245675002,,)
(,,2.203,7888,5,1484245675002,,)
(,,2.235,7954,5,1484245675002,,)
(,,2.187,8089,8,1484245676000,,)
(,,2.212,8086,9,1484245676001,,)
(,,2.199,8075,9,1484245676001,,)
(,,2.215,8147,9,1484245676001,,)
(,,2.177,8019,9,1484245676001,,)
(,,2.23,8350,10,1484245676002,,)
(,,2.196,8187,10,1484245676002,,)
(,,2.188,8208,10,1484245676002,,)
(,,2.22,7916,10,1484245676002,,)
(,,2.206,7823,7,1484245677000,,)
(,,2.187,7993,8,1484245677001,,)
(,,2.22,7856,8,1484245677001,,)
(,,2.174,7812,8,1484245677001,,)
(,,2.213,7785,8,1484245677001,,)
(,,2.197,7792,8,1484245677001,,)
(,,2.219,7883,8,1484245677001,,)
(,,2.188,7929,8,1484245677001,,)
(,,2.2,7800,8,1484245677001,,)
(,,2.189,7850,38,1484245678001,,)
(,,2.201,7987,38,1484245678001,,)
(,,2.196,7932,38,1484245678001,,)
(,,2.186,7834,38,1484245678001,,)
(,,2.183,7805,38,1484245678001,,)
(,,2.199,8032,38,1484245678001,,)
(,,2.198,7940,38,1484245678001,,)
(,,2.257,7883,39,1484245678002,,)
(,,2.194,7876,39,1484245678002,,)
(,,2.209,8014,8,1484245679000,,)
(,,2.188,7928,8,1484245679000,,)
(,,2.21,7940,8,1484245679000,,)
(,,2.174,8159,9,1484245679001,,)
(,,2.185,7990,9,1484245679001,,)
(,,2.211,7991,9,1484245679001,,)
(,,2.233,8065,9,1484245679001,,)
(,,2.2,7958,9,1484245679001,,)
(,,2.203,8024,9,1484245679001,,)
(,,2.239,7878,36,1484245680000,,)
(,,2.171,7911,37,1484245680001,,)
(,,2.198,7963,37,1484245680001,,)
(,,2.182,7950,37,1484245680001,,)
(,,2.17,8070,37,1484245680001,,)
(,,2.226,7816,37,1484245680001,,)
(,,2.18,7957,37,1484245680001,,)
(,,2.208,7738,37,1484245680001,,)
(,,2.214,8059,37,1484245680001,,)
(,,2.204,8091,4,1484245681000,,)
(,,2.213,8003,4,1484245681000,,)
(,,2.178,8096,4,1484245681000,,)
(,,2.208,7971,4,1484245681000,,)
(,,2.212,8158,4,1484245681000,,)
(,,2.195,8169,5,1484245681001,,)
(,,2.179,7987,5,1484245681001,,)
(,,2.209,8018,5,1484245681001,,)
(,,2.211,8109,5,1484245681001,,)
(,,2.193,7774,28,1484245682000,,)
(,,2.208,7879,75,1484245682046,,)
(,,2.206,7819,74,1484245682046,,)
(,,2.197,7783,76,1484245682047,,)
(,,2.174,7879,76,1484245682047,,)
(,,2.198,7791,76,1484245682047,,)
(,,2.177,7704,76,1484245682047,,)
(,,2.204,7998,76,1484245682047,,)
(,,2.213,7790,76,1484245682047,,)
(,,2.2,8849,3,1484245683000,,)
(,,2.21,8527,4,1484245683001,,)
(,,2.213,8712,4,1484245683001,,)
(,,2.204,8815,4,1484245683001,,)
(,,2.204,8617,4,1484245683001,,)
(,,2.212,8536,4,1484245683001,,)
(,,2.175,8779,4,1484245683001,,)
(,,2.195,8505,4,1484245683001,,)
(,,2.206,8680,5,1484245683002,,)
(,,2.188,8634,16,1484245684000,,)
(,,2.21,8655,16,1484245684000,,)
(,,2.221,8734,16,1484245684000,,)
(,,2.2,8779,16,1484245684000,,)
(,,2.211,8676,16,1484245684000,,)
(,,2.186,8651,17,1484245684001,,)
(,,2.174,8649,17,1484245684001,,)
(,,2.204,8658,17,1484245684001,,)
(,,2.204,8715,17,1484245684001,,)
(,,2.195,9564,12,1484245685000,,)
(,,2.214,9379,12,1484245685000,,)
(,,2.185,9397,12,1484245685000,,)
(,,2.191,9389,12,1484245685000,,)
(,,2.201,9434,13,1484245685001,,)
(,,2.233,9413,13,1484245685001,,)
(,,2.232,9523,13,1484245685001,,)
(,,2.18,9255,13,1484245685001,,)
(,,2.178,9237,13,1484245685001,,)
(,,2.206,8635,6,1484245686000,,)
(,,2.188,8870,6,1484245686000,,)
(,,2.19,8878,6,1484245686000,,)
(,,2.187,8872,7,1484245686001,,)
(,,2.199,8740,7,1484245686001,,)
(,,2.214,8833,7,1484245686001,,)
(,,2.235,8806,7,1484245686001,,)
(,,2.201,8775,7,1484245686001,,)
(,,2.182,8842,7,1484245686001,,)
(,,2.186,8649,28,1484245687000,,)
(,,2.219,8640,29,1484245687001,,)
(,,2.22,8301,29,1484245687001,,)
(,,2.202,8698,29,1484245687001,,)
(,,2.169,8428,29,1484245687001,,)
(,,2.198,8512,29,1484245687001,,)
(,,2.226,8440,29,1484245687001,,)
(,,2.173,8674,29,1484245687001,,)
(,,2.19,8701,30,1484245687002,,)
(,,2.186,8328,5,1484245688000,,)
(,,2.191,8360,5,1484245688000,,)
(,,2.211,8278,5,1484245688000,,)
(,,2.219,8141,5,1484245688000,,)
(,,2.218,8434,5,1484245688000,,)
(,,2.186,8347,6,1484245688001,,)
(,,2.23,8342,7,1484245688001,,)
(,,2.172,8385,6,1484245688001,,)
(,,2.196,8329,7,1484245688001,,)
(,,2.175,7609,14,1484245689000,,)
(,,2.226,7651,14,1484245689000,,)
(,,2.18,7583,15,1484245689001,,)
(,,2.208,7505,15,1484245689001,,)
(,,2.202,7590,15,1484245689001,,)
(,,2.22,7621,15,1484245689001,,)
(,,2.224,7637,15,1484245689001,,)
(,,2.185,7583,15,1484245689001,,)
(,,2.195,7574,15,1484245689001,,)
(,,2.165,8024,28,1484245690000,,)
(,,2.177,7987,28,1484245690000,,)
(,,2.213,7956,28,1484245690000,,)
(,,2.198,7770,28,1484245690000,,)
(,,2.199,7992,28,1484245690000,,)
(,,2.228,7935,28,1484245690000,,)
(,,2.226,8011,28,1484245690000,,)
(,,2.227,7849,29,1484245690001,,)
(,,2.167,7866,29,1484245690001,,)
(,,2.223,8063,7,1484245691000,,)
(,,2.236,7948,7,1484245691000,,)
(,,2.212,7967,7,1484245691000,,)
(,,2.226,7827,7,1484245691000,,)
(,,2.187,8024,7,1484245691000,,)
(,,2.166,8020,8,1484245691001,,)
(,,2.198,8005,8,1484245691001,,)
(,,2.185,8006,8,1484245691001,,)
(,,2.186,7821,8,1484245691001,,)
(,,2.242,7864,27,1484245692000,,)
(,,2.151,7912,27,1484245692000,,)
(,,2.202,8019,27,1484245692000,,)
(,,2.216,8031,28,1484245692001,,)
(,,2.191,7822,28,1484245692001,,)
(,,2.215,8060,28,1484245692001,,)
(,,2.203,7922,28,1484245692001,,)
(,,2.164,8000,28,1484245692001,,)
(,,2.186,7946,28,1484245692001,,)
